,Position,GB Seqs,Mutated Base,Reference Base,CVTOT,CVMIT
0,1673,11,T,C,-1,
1,1674,0,A,G,-1,
2,1675,2,A,G,-1,
3,1676,14,A,G,-1,
4,1677,75,C,T,0.159,-0.185
5,1679,0,T,C,1.479,1.122
6,1681,2,G,A,1.576,1.119
7,1683,0,C,T,0.833,0.273
8,1684,1,C,T,0.086,0.033
9,1685,0,C,A,-0.197,-0.479
10,1685,0,C,G,-0.197,-0.479
11,1685,1,C,T,-0.197,-0.479
12,1686,8,A,G,-1,
13,1686,1,A,T,-1,
14,1688,0,A,C,-1,
15,1688,0,A,G,-1,
16,1688,0,A,T,-1,
17,1689,0,C,T,-1,
18,1690,0,C,A,-1,
19,1690,0,C,T,-1,
20,1691,0,C,T,-1,
21,1692,7,A,C,-1,
22,1692,145,A,G,-1,
23,1692,53,A,T,-1,
24,1693,0,C,A,-1,
25,1693,2,C,T,-1,
26,1694,110,T,C,-1,
27,1695,0,C,T,-1,
28,1696,0,C,T,-1,
29,1698,0,C,T,-1,
30,1699,4,C,T,-1,
31,1700,1,T,A,-1,
32,1700,318,T,C,-1,
33,1700,1,T,TC,-1,
34,1701,0,T,C,-1,
35,1702,0,A,AT,-1,
36,1703,139,C,T,-1,
37,1704,0,T,C,-1,
38,1705,0,A,T,-1,
39,1706,1,C,G,-1,
40,1706,106,C,T,-1,
41,1707,1,C,T,-1,
42,1708,0,A,C,-1,
43,1708,2,A,T,-1,
44,1709,180,G,A,-1,
45,1709,0,G,C,-1,
46,1709,16,G,T,-1,
47,1710,1,A,AT,-1,
48,1710,4,A,C,-1,
49,1711,8,C,T,-1,
50,1712,1,A,G,-1,
51,1712,0,A,T,-1,
52,1713,2,A,G,-1,
53,1714,0,C,T,-1,
54,1715,203,C,T,-1,
55,1716,11,T,C,-1,
56,1717,0,T,A,-1,
57,1717,29,T,C,-1,
58,1717,1,T,G,-1,
59,1718,15,A,AA,-1,
60,1718,0,A,AG,-1,
61,1718,0,A,G,-1,
62,1719,2513,G,A,-1,
63,1719,0,G,C,-1,
64,1719,22,G,GG,-1,
65,1720,0,C,A,-1,
66,1720,2,C,T,-1,
67,1721,316,C,T,-1,
68,1722,1,A,G,-1,
69,1723,0,A,G,-1,
70,1725,1,C,T,-1,
71,1728,0,T,C,-1,
72,1730,0,T,C,-1,
73,1733,1,C,A,-1,
74,1733,59,C,T,-1,
75,1734,0,C,A,-1,
76,1734,63,C,T,-1,
77,1735,2,A,G,-1,
78,1735,0,A,T,-1,
79,1736,1360,A,G,-1,
80,1736,4,A,T,-1,
81,1737,7,A,G,-1,
82,1738,280,T,C,0.791,-0.177
83,1743,0,T,C,1.741,1.315
84,1745,0,T,C,0.312,0.067
85,1746,5,A,G,0.18,-0.071
86,1747,0,G,A,1.276,0.829
87,1748,1,G,A,1.535,0.879
88,1748,0,G,C,1.535,0.879
89,1749,1,C,T,0.923,0.047
90,1750,1,G,A,1.577,0.926
91,1751,0,A,G,1.723,1.271
92,1752,0,T,C,0.494,-0.1
93,1760,29,G,A,-1,
94,1760,0,G,GT,-1,
95,1761,0,A,G,-1,
96,1761,0,A,T,-1,
97,1762,6,A,G,-1,
98,1763,29,A,G,-1,
99,1764,2,C,T,-1,
100,1765,0,C,A,-1,
101,1766,30,T,C,-0.188,-0.621
102,1766,3,T,G,-0.188,-0.621
103,1766,0,T,TG,-0.188,-0.621
104,1767,1,G,A,0.068,-0.241
105,1768,2,G,A,0.849,-0.056
106,1770,1,G,C,0.697,0.205
107,1772,2,A,G,0.633,-0.366
108,1772,2,A,T,0.633,-0.366
109,1776,0,G,A,1.502,0.725
110,1777,0,A,G,-1,
111,1778,1,T,C,-1,
112,1778,0,T,G,-1,
113,1779,0,A,G,-1,
114,1780,267,T,C,-1,
115,1782,0,G,A,1.836,1.582
116,1787,1,G,A,1.7,1.465
117,1788,17,C,T,0.932,0.468
118,1789,1,A,del,1.017,0.895
119,1789,1,A,G,1.017,0.895
120,1790,5,A,G,1.852,1.608
121,1792,0,G,A,1.346,1.262
122,1793,1,G,A,1.207,0.452
123,1794,0,A,AAAG,1.818,1.528
124,1794,0,A,G,1.818,1.528
125,1797,1,G,A,1.286,0.626
126,1798,1,A,G,-0.004,-0.098
127,1799,1,T,C,-1,
128,1800,0,G,A,-1,
129,1802,2,A,G,-1,
130,1804,20,A,G,-1,
131,1804,0,A,T,-1,
132,1806,25,T,C,-1,
133,1807,2,T,C,-1,
134,1808,16,A,G,-1,
135,1809,60,T,C,-1,
136,1809,0,T,TA,-1,
137,1810,3,A,G,-1,
138,1810,1,A,T,-1,
139,1811,0,A,C,-1,
140,1811,3978,A,G,-1,
141,1811,1,A,T,-1,
142,1812,5,C,T,-1,
143,1813,0,C,T,-1,
144,1814,1,A,G,-1,
145,1815,2,A,G,-1,
146,1816,1,G,A,-0.169,0.221
147,1817,1,C,T,0.136,-0.027
148,1818,0,A,G,0.552,0.61
149,1819,34,T,C,0.005,0.306
150,1820,6,A,G,0.126,0.483
151,1821,20,A,G,0.268,1.186
152,1822,289,T,C,-1,
153,1824,175,T,C,-1,
154,1826,0,G,A,-1,
155,1829,4,A,G,-1,
156,1830,0,G,A,-1,
157,1831,0,G,A,-1,
158,1832,6,A,G,-1,
159,1833,8,C,T,-1,
160,1834,18,T,C,-1,
161,1835,2,A,G,-1,
162,1836,22,A,G,-1,
163,1837,1,C,G,-1,
164,1837,0,C,T,-1,
165,1838,1,C,T,-1,
166,1839,1,C,T,-1,
167,1841,0,T,C,-1,
168,1842,145,A,G,-1,
169,1842,1,A,T,-1,
170,1844,0,A,G,0.185,1.35
171,1848,1,T,C,0.499,1.469
172,1848,0,T,G,0.499,1.469
173,1849,1,C,T,1.651,1.169
174,1850,126,T,C,1.644,1.32
175,1852,0,C,T,0.338,1
176,1854,0,T,C,0.371,1.665
177,1855,1,A,G,0.487,0.418
178,1858,0,G,A,1.782,1.447
179,1859,0,A,G,0.884,0.74
180,1860,1,A,G,0.381,0.182
181,1861,6,T,C,0.917,0.941
182,1864,2,A,G,0.797,0.436
183,1866,1,T,C,-1,
184,1868,1,G,T,-1,
185,1869,1,A,C,-1,
186,1870,0,A,G,-1,
187,1871,3,A,G,-1,
188,1872,20,T,C,-1,
189,1872,0,T,G,-1,
190,1873,0,A,G,-1,
191,1874,0,A,T,0.32,-0.015
192,1875,0,C,A,0.249,0.016
193,1876,0,T,C,0.008,-0.003
194,1878,2,T,C,-0.145,0.125
195,1879,0,G,A,0.041,-0.157
196,1881,2,A,G,-1,
197,1884,2,G,A,-1,
198,1887,1,A,C,-1,
199,1888,2851,G,A,-1,
200,1888,12,G,C,-1,
201,1889,0,C,T,-1,
202,1890,1,C,A,-1,
203,1891,0,A,C,-1,
204,1891,4,A,G,-1,
205,1891,1,A,T,-1,
206,1892,4,A,G,-1,
207,1896,14,T,C,-0.002,0.135
208,1898,0,A,G,0.009,-0.064
209,1900,0,A,AC,0.216,-0.047
210,1900,5,A,C,0.216,-0.047
211,1900,23,A,G,0.216,-0.047
212,1901,1,C,A,0.664,-0.251
213,1901,4,C,T,0.664,-0.251
214,1902,0,C,T,0.901,0.249
215,1906,0,G,A,1.833,1.605
216,1909,2,A,G,0.877,1.202
217,1910,1,C,T,0.858,0.897
218,1913,2,G,A,0.867,0.665
219,1914,7,A,G,1.045,0.554
220,1915,1,C,A,1.052,0.508
221,1917,1,A,G,1.857,1.619
222,1918,0,G,A,0.322,1.044
223,1920,0,T,C,1.837,1.564
224,1922,0,C,T,0.175,0.458
225,1923,1,C,T,0.292,0.554
226,1924,1,T,C,1.079,0.655
227,1925,0,A,G,0.502,0.301
228,1926,9,A,G,0.793,0.06
229,1926,13,A,T,0.793,0.06
230,1927,22,G,A,1.115,0.479
231,1928,0,A,G,0.538,0.445
232,1929,1,A,G,0.137,0.289
233,1934,1,T,C,-0.135,-0.047
234,1935,31,A,G,0.549,-0.305
235,1936,0,A,G,-1,
236,1937,0,A,C,-1,
237,1937,0,A,G,-1,
238,1938,1,A,AA,-1,
239,1938,0,A,T,-1,
240,1939,0,G,A,1.494,0.73
241,1940,0,A,G,-0.109,0.103
242,1943,23,A,G,0.679,-0.472
243,1943,0,A,T,0.679,-0.472
244,1944,1,C,T,0.577,0.589
245,1945,0,A,G,1.386,1.101
246,1948,1,C,del,0.376,0.76
247,1949,4,G,A,-0.284,-0.501
248,1952,0,T,C,0.196,0.81
249,1955,1,G,A,1.013,1.964
250,1956,0,T,C,0.965,2
251,1957,0,A,C,0.924,0.453
252,1957,5,A,G,0.924,0.453
253,1958,9,G,A,1.659,1.529
254,1959,10,C,T,0.848,1.32
255,1960,0,A,AA,1.787,1.884
256,1961,0,A,C,1.66,1.523
257,1961,2,A,G,1.66,1.523
258,1962,0,A,G,1.51,1.288
259,1963,1,A,AA,0.454,1.601
260,1963,0,A,G,0.454,1.601
261,1964,0,T,C,0.266,0.429
262,1965,0,A,G,-0.029,0.784
263,1966,1,G,A,0.012,0.43
264,1967,0,T,C,0.73,1.079
265,1969,1,G,C,0.918,0.451
266,1970,0,G,A,0.684,0.968
267,1971,1,A,G,0.643,0.83
268,1972,0,A,G,0.533,0.875
269,1973,1,G,A,1.143,1.035
270,1974,1,A,G,1.864,1.67
271,1977,41,T,C,1.318,0.75
272,1978,8,A,C,0.783,0.024
273,1978,10,A,G,0.783,0.024
274,1978,3,A,T,0.783,0.024
275,1980,3,A,G,1.138,0.429
276,1981,0,G,A,0.327,0.567
277,1982,0,G,A,0.149,0.476
278,1983,0,T,C,1.776,1.47
279,1985,0,G,GT,1.804,1.624
280,1986,6,A,C,0.62,0.615
281,1986,0,A,G,0.62,0.615
282,1987,1,G,A,1.208,0.676
283,1990,0,G,A,1.707,1.515
284,1991,1,A,C,1.972,1.92
285,1991,1,A,G,1.972,1.92
286,1992,2,C,T,1.378,0.694
287,1993,1,A,T,2,2
288,1994,0,A,G,0.498,0.092
289,1995,1,A,G,0.545,0.845
290,1998,0,T,C,0.984,0.668
291,1999,0,A,C,1.524,1.242
292,1999,1,A,G,1.524,1.242
293,2000,0,C,A,0.809,0.282
294,2000,212,C,T,0.809,0.282
295,2002,0,G,A,0.929,0.86
296,2003,2,A,G,1.474,0.764
297,2004,0,G,A,1.029,0.56
298,2005,0,C,T,1.266,0.993
299,2007,1,T,C,0.124,0.715
300,2008,1,G,A,0.362,0.773
301,2009,0,G,A,0.754,0.901
302,2010,57,T,C,0.672,0.608
303,2011,0,G,A,0.769,0.999
304,2014,0,A,T,1.895,1.802
305,2015,0,G,A,1.563,1.211
306,2020,0,T,C,1.549,1.594
307,2021,0,T,C,1.836,1.663
308,2023,1,T,C,0.709,0.551
309,2026,0,A,G,0.283,0.419
310,2028,2,G,A,1.339,0.556
311,2029,0,A,G,1.71,1.27
312,2030,2,T,C,0.847,0.802
313,2031,0,A,G,0.539,-0.207
314,2031,0,A,T,0.539,-0.207
315,2033,0,A,G,0.052,0.262
316,2034,0,A,G,0.322,1.023
317,2035,1,T,C,0.99,1.139
318,2036,0,C,T,0.472,-0.015
319,2038,0,T,C,0.408,0.166
320,2040,1,G,A,1.514,0.896
321,2043,1,C,T,0.286,0.308
322,2044,4,A,G,0.81,0.356
323,2045,26,A,G,-1,
324,2046,0,C,T,0.938,-0.024
325,2054,0,T,C,-0.117,-0.36
326,2056,90,G,A,-1,
327,2057,1,C,T,-1,
328,2058,0,C,T,-1,
329,2059,2,C,T,-1,
330,2060,1,A,C,-1,
331,2060,9,A,G,-1,
332,2061,0,C,A,-1,
333,2061,4,C,T,-1,
334,2062,0,A,C,-1,
335,2064,1,A,G,-1,
336,2065,10,A,G,-1,
337,2066,2,C,T,-1,
338,2067,0,CCT,C,-1,
339,2068,0,C,A,-1,
340,2068,6,C,T,-1,
341,2069,10,T,C,-1,
342,2070,0,C,A,-1,
343,2070,3,C,T,-1,
344,2071,1,T,del,-1,
345,2071,0,TA,T,-1,
346,2071,17,T,C,-1,
347,2071,3,T,G,-1,
348,2072,15,A,del,-1,
349,2072,1,A,AT,-1,
350,2072,39,A,G,-1,
351,2074,0,A,del,-1,
352,2074,0,A,C,-1,
353,2074,0,A,G,-1,
354,2075,3,T,C,-1,
355,2075,0,T,G,-1,
356,2077,0,C,T,-1,
357,2078,0,C,A,-1,
358,2078,1,C,T,-1,
359,2079,1,C,T,-1,
360,2080,37,T,C,-1,
361,2083,69,T,C,-1,
362,2085,0,A,G,-0.19,-0.42
363,2086,1,A,AA,-0.159,-0.143
364,2086,1,A,G,-0.159,-0.143
365,2087,2,T,C,-0.004,0.065
366,2089,0,T,C,-0.038,0.163
367,2092,381,C,T,1.167,0.313
368,2093,1,T,C,0.781,0.141
369,2095,3,T,C,-1,
370,2096,0,T,C,-1,
371,2097,0,A,G,0.842,1.117
372,2098,72,G,A,0.763,0.104
373,2098,0,G,C,0.763,0.104
374,2099,0,T,C,0.096,0.479
375,2101,0,C,T,0.112,-0.019
376,2102,0,A,C,-0.054,0.435
377,2104,0,A,G,0.148,0.193
378,2106,0,A,G,0.356,0.575
379,2109,15,A,G,-0.66,-0.021
380,2109,2,A,T,-0.66,-0.021
381,2110,0,A,G,0.965,0.535
382,2113,1,G,A,1.159,1.374
383,2115,0,T,C,0.353,0.512
384,2116,1,C,T,0.227,0.371
385,2117,0,T,C,0.085,0.123
386,2118,1,T,C,0.249,0.421
387,2119,2,T,C,0.351,0.519
388,2120,22,G,A,0.092,0.244
389,2121,0,G,A,0.846,0.356
390,2121,1,G,C,0.846,0.356
391,2122,0,A,G,0.137,0.441
392,2122,1,A,T,0.137,0.441
393,2123,0,C,G,0.613,0.112
394,2123,1,C,T,0.613,0.112
395,2124,0,A,C,-0.07,-0.821
396,2124,8,A,G,-0.07,-0.821
397,2124,0,A,T,-0.07,-0.821
398,2125,2,C,T,-1,
399,2125,0,CTA,C,-1,
400,2127,0,A,G,0.099,-0.008
401,2129,0,G,A,1.345,0.534
402,2129,0,GA,G,1.345,0.534
403,2130,1,A,del,0.689,0.785
404,2133,2,A,C,0.555,0.503
405,2133,3,A,G,0.555,0.503
406,2135,0,A,C,0.485,0.196
407,2135,3,A,G,0.485,0.196
408,2140,46,G,A,0.117,-0.53
409,2140,0,G,C,0.117,-0.53
410,2141,65,T,C,0.606,0.209
411,2141,3,T,TAG,0.606,0.209
412,2142,0,A,G,-0.029,-0.088
413,2143,0,G,A,0.374,-0.053
414,2145,10,G,A,-0.076,0.027
415,2146,0,A,G,-0.479,0.026
416,2146,0,A,T,-0.479,0.026
417,2149,1,G,A,-0.076,-0.235
418,2150,0,T,TA,1.453,0.782
419,2151,0,A,AA,1.437,1.083
420,2151,0,A,G,1.437,1.083
421,2153,0,A,G,0.659,-0.322
422,2154,0,A,C,-1,
423,2156,196,A,AA,-1,
424,2156,0,A,AT,-1,
425,2156,0,A,G,-1,
426,2156,0,A,T,-1,
427,2157,1,T,A,-1,
428,2157,8,T,C,-1,
429,2157,1,T,TA,-1,
430,2158,201,T,C,-1,
431,2159,0,T,A,-1,
432,2159,33,T,C,-1,
433,2160,1,A,G,-1,
434,2160,1,A,T,-1,
435,2161,2,A,G,-1,
436,2162,3,C,T,-1,
437,2163,0,A,C,-1,
438,2163,5,A,G,-1,
439,2163,0,A,T,-1,
440,2164,1,C,T,-1,
441,2165,1,C,T,-1,
442,2166,0,C,T,-1,
443,2168,0,T,C,0.359,0.065
444,2169,1,A,T,0.292,0.308
445,2170,0,G,A,1.544,1.013
446,2171,0,T,C,1.801,1.526
447,2171,1,T,G,1.801,1.526
448,2172,0,A,T,0.414,0.268
449,2173,0,G,C,0.973,1.12
450,2174,0,G,A,0.74,1.382
451,2175,1,C,T,1.666,1.333
452,2177,3,T,C,1.532,1.214
453,2178,1,A,C,0.731,0.432
454,2178,2,A,G,0.731,0.432
455,2179,4,A,G,0.956,0.621
456,2179,1,A,T,0.956,0.621
457,2181,0,A,G,1.627,1.373
458,2182,0,G,A,1.551,0.931
459,2185,0,G,A,1.693,1.376
460,2188,0,A,G,1.709,1.379
461,2189,3,C,T,0.765,0.491
462,2194,0,T,C,0.397,0.352
463,2195,22,A,G,1.284,0.184
464,2197,1,G,A,1.343,0.872
465,2199,0,A,T,0.631,0.506
466,2201,0,G,A,1.547,1.027
467,2203,0,G,A,1.703,1.304
468,2204,0,T,C,1.828,1.582
469,2206,2,C,A,1.488,0.87
470,2206,2,C,T,1.488,0.87
471,2207,0,A,G,0.415,0.622
472,2213,1,A,G,1.396,0.545
473,2216,0,A,T,-1,
474,2217,0,C,CC,-1,
475,2217,88,C,T,-1,
476,2218,1,C,A,-1,
477,2218,162,C,T,-1,
478,2219,0,C,A,-1,
479,2219,2,C,CC,-1,
480,2219,1,C,T,-1,
481,2220,0,A,AT,-1,
482,2220,1,A,C,-1,
483,2220,143,A,G,-1,
484,2220,4,A,T,-1,
485,2221,0,C,G,-1,
486,2221,0,C,T,-1,
487,2222,0,T,A,-1,
488,2222,23,T,C,-1,
489,2222,11,T,G,-1,
490,2223,8,A,G,-1,
491,2224,1,C,T,-1,
492,2225,4,C,A,-1,
493,2225,1,C,T,-1,
494,2226,0,TA,T,-1,
495,2226,19,T,C,-1,
496,2226,0,T,TA,-1,
497,2226,12,T,TAA,-1,
498,2227,2,A,del,-1,
499,2227,0,A,G,-1,
500,2228,0,A,G,-1,
501,2229,0,A,G,-1,
502,2230,2,A,AT,-1,
503,2230,1,A,T,-1,
504,2231,3,A,G,-1,
505,2232,616,A,AA,-1,
506,2232,0,A,AAA,-1,
507,2233,0,T,C,-1,
508,2234,0,C,A,-1,
509,2234,1,C,T,-1,
510,2235,1,C,T,-1,
511,2237,3,A,G,-1,
512,2238,2,A,G,-1,
513,2239,5,A,G,-1,
514,2239,0,A,T,-1,
515,2241,0,A,G,-1,
516,2242,3,T,C,-1,
517,2243,1,A,G,-1,
518,2244,13,T,C,-1,
519,2244,0,T,G,-1,
520,2245,37,A,C,-1,
521,2245,711,A,G,-1,
522,2246,21,A,G,-1,
523,2246,1,A,T,-1,
524,2247,0,C,A,-1,
525,2247,2,C,T,-1,
526,2248,9,T,C,0.76,-0.204
527,2251,10,A,G,0.237,-0.084
528,2253,0,T,C,0.792,0.119
529,2255,1,C,T,-0.113,0.007
530,2256,0,T,C,0.05,0.01
531,2257,0,C,T,0.279,-0.299
532,2258,0,A,C,-0.022,-0.08
533,2258,4,A,G,-0.022,-0.08
534,2258,0,A,T,-0.022,-0.08
535,2259,281,C,T,-1,
536,2260,0,A,C,-1,
537,2260,1,A,G,-1,
538,2261,4,C,T,-1,
539,2262,5,C,T,0.138,-0.524
540,2263,37,C,A,0.612,-0.453
541,2263,29,C,T,0.612,-0.453
542,2264,2,A,G,1.414,0.725
543,2265,2,A,G,1.673,1.291
544,2267,1,T,G,0.311,0.458
545,2269,0,G,A,1.07,0.782
546,2270,0,A,C,0.659,0.324
547,2270,6,A,G,0.659,0.324
548,2271,0,C,T,0.384,0.071
549,2272,7,C,T,1.032,0.354
550,2274,0,A,G,0.743,0.482
551,2275,0,T,C,0.352,0.338
552,2277,0,T,C,0.299,0.35
553,2279,0,T,C,0.073,0.76
554,2280,1,C,A,-1,
555,2280,35,C,T,-1,
556,2281,4,A,C,-1,
557,2281,41,A,G,-1,
558,2282,17,C,T,-1,
559,2283,46,C,T,-1,
560,2284,6,C,A,-1,
561,2284,4,C,T,-1,
562,2285,5,T,C,-1,
563,2288,0,A,G,0.303,0.342
564,2293,0,A,G,0.628,0.279
565,2294,145,A,G,0.986,0.342
566,2295,0,C,T,0.71,0.759
567,2296,0,T,C,0.173,0.491
568,2298,0,A,G,1.655,1.288
569,2299,1,T,G,1.848,1.624
570,2300,1,G,A,0.922,1.468
571,2300,0,G,C,0.922,1.468
572,2301,1,T,C,0.706,0.435
573,2302,1,T,C,0.638,1.349
574,2304,5,G,A,0.929,0.699
575,2305,0,T,C,0.326,0.037
576,2307,0,T,C,0.899,1.406
577,2308,0,A,C,0.396,0.412
578,2308,197,A,G,0.396,0.412
579,2310,0,G,A,1.862,1.666
580,2311,0,T,C,1.863,1.668
581,2313,0,A,G,0.725,0.888
582,2315,70,A,G,0.43,0.201
583,2316,0,T,C,0.762,0.215
584,2317,0,G,A,-0.295,0.253
585,2320,5,A,G,-1,
586,2320,0,A,T,-1,
587,2321,0,A,C,-1,
588,2321,0,A,G,-1,
589,2322,16,C,A,-1,
590,2322,3,C,T,-1,
591,2323,0,A,AT,-1,
592,2323,0,A,G,-1,
593,2324,0,T,C,0.128,0.122
594,2325,2,T,TT,-0.213,-0.393
595,2330,8,T,C,-1,
596,2331,3,C,A,-1,
597,2331,0,C,T,-1,
598,2332,0,C,A,-1,
599,2332,262,C,T,-1,
600,2333,0,G,A,-1,
601,2334,1,C,T,-1,
602,2335,0,A,G,-1,
603,2336,1,T,G,-1,
604,2338,0,A,G,-1,
605,2339,0,G,A,-1,
606,2344,0,C,T,-1,
607,2345,2,G,A,-1,
608,2346,0,T,C,-1,
609,2349,2,G,A,-1,
610,2350,1,A,G,-1,
611,2351,11,T,C,-1,
612,2351,0,TTA,T,-1,
613,2352,0,TA,del,-1,
614,2352,0,TA,T,-1,
615,2352,1256,T,C,-1,
616,2353,2,A,C,-1,
617,2353,0,A,T,-1,
618,2354,0,A,G,-1,
619,2355,143,A,G,-1,
620,2355,0,A,T,-1,
621,2356,0,A,C,-1,
622,2356,11,A,G,-1,
623,2357,1,C,A,-1,
624,2357,4,C,T,-1,
625,2358,101,A,G,-1,
626,2358,0,A,T,-1,
627,2359,40,C,T,-1,
628,2360,0,T,A,-1,
629,2360,4,T,C,-1,
630,2360,1,TG,del,-1,
631,2361,137,G,A,-1,
632,2361,0,G,T,-1,
633,2362,1,A,G,-1,
634,2362,0,A,T,-1,
635,2363,1,A,AA,-1,
636,2363,18,A,G,-1,
637,2366,1,G,A,-1,
638,2368,1,C,T,-1,
639,2370,5,A,G,-1,
640,2371,1,T,C,-1,
641,2375,1,C,T,-1,
642,2377,2,G,A,-1,
643,2378,7,C,A,-1,
644,2378,20,C,T,-1,
645,2379,2,C,T,-1,
646,2380,47,C,T,-1,
647,2383,4,T,C,-1,
648,2385,1,T,A,-1,
649,2385,2,T,C,-1,
650,2386,2,C,A,-1,
651,2386,1,C,T,-1,
652,2387,112,T,C,-1,
653,2388,5,A,G,-1,
654,2389,4,C,A,-1,
655,2389,78,C,T,-1,
656,2391,0,AT,A,-1,
657,2392,0,T,A,-1,
658,2392,83,T,C,-1,
659,2392,0,TC,T,-1,
660,2392,0,T,G,-1,
661,2393,0,CA,C,-1,
662,2393,12,C,T,-1,
663,2394,430,A,del,-1,
664,2394,1,AACCA,del,-1,
665,2394,0,A,C,-1,
666,2394,1,A,G,-1,
667,2394,0,A,T,-1,
668,2395,86,A,del,-1,
669,2395,2,A,G,-1,
670,2396,8,C,T,-1,
671,2397,14,C,T,-1,
672,2398,0,A,G,-1,
673,2398,0,A,T,-1,
674,2399,1,A,G,-1,
675,2400,0,C,T,-1,
676,2401,1,A,G,-1,
677,2402,3,A,G,-1,
678,2403,3,G,A,-1,
679,2404,75,T,C,-1,
680,2404,0,T,TC,-1,
681,2405,1,C,A,-1,
682,2405,59,C,CC,-1,
683,2405,0,C,G,-1,
684,2405,4,C,T,-1,
685,2406,0,A,G,-1,
686,2407,2,T,C,-1,
687,2410,2,T,C,-1,
688,2412,4,A,G,-1,
689,2413,6,C,T,-1,
690,2414,5,C,A,-1,
691,2414,4,C,T,-1,
692,2415,0,C,T,-1,
693,2416,1563,T,C,-1,
694,2417,1,C,A,-1,
695,2417,5,C,G,-1,
696,2417,2,C,T,-1,
697,2418,0,A,C,-1,
698,2418,0,A,G,-1,
699,2420,0,T,C,-1,
700,2423,2,C,T,-1,
701,2425,2,A,G,-1,
702,2426,1,C,T,-1,
703,2429,0,A,G,-1,
704,2430,1,A,G,-1,
705,2435,0,G,A,-1,
706,2436,0,G,A,-1,
707,2437,0,C,T,-1,
708,2438,11,A,G,-1,
709,2438,1,A,T,-1,
710,2442,3,T,A,-1,
711,2442,298,T,C,-1,
712,2443,2,C,T,-1,
713,2444,4,A,G,-1,
714,2445,18,T,C,-0.284,-0.415
715,2447,0,A,C,0.537,-0.368
716,2447,0,A,G,0.537,-0.368
717,2449,0,GA,G,-0.093,-0.207
718,2453,0,G,A,0.989,0.761
719,2454,1,G,A,0.7,0.563
720,2455,0,T,C,0.159,-0.057
721,2456,0,TA,T,0.549,0.492
722,2457,1,A,G,-0.08,0.232
723,2461,0,A,G,0.278,0.09
724,2462,0,A,G,0.184,0.466
725,2463,1,A,AA,0.416,0.495
726,2463,0,A,G,0.416,0.495
727,2465,0,T,C,0.255,0.092
728,2466,1,A,del,0.263,0.427
729,2470,0,G,A,1.775,1.507
730,2471,2,G,GG,1.81,1.571
731,2476,0,C,A,-1,
732,2476,1,C,CC,-1,
733,2482,0,A,AC,0.387,-0.108
734,2482,0,A,G,0.387,-0.108
735,2483,0,T,A,0.546,-0.02
736,2483,96,T,C,0.546,-0.02
737,2483,0,T,TC,0.546,-0.02
738,2484,0,C,A,0.313,0.101
739,2484,37,C,CC,0.313,0.101
740,2484,0,C,CT,0.313,0.101
741,2484,1,C,G,0.313,0.101
742,2484,2,C,T,0.313,0.101
743,2485,0,T,A,0.06,0.404
744,2485,0,T,C,0.06,0.404
745,2486,1,T,A,0.146,0.568
746,2486,9,T,C,0.146,0.568
747,2486,0,T,G,0.146,0.568
748,2487,0,A,AC,0.174,0.47
749,2487,1,A,C,0.174,0.47
750,2487,0,A,G,0.174,0.47
751,2491,2,C,CC,1.425,1.503
752,2492,0,G,A,1.331,1.299
753,2494,1,C,G,1.81,1.583
754,2497,0,T,C,1.93,1.932
755,2501,2,C,T,0.219,0.838
756,2507,0,A,G,1.809,1.745
757,2510,0,T,C,0.522,1.203
758,2515,1,T,C,0.708,0.902
759,2519,1,G,T,1.633,1.272
760,2523,17,C,T,-1,
761,2524,7,A,C,-1,
762,2524,0,A,G,-1,
763,2524,1,A,T,-1,
764,2525,0,C,T,-1,
765,2526,9,C,T,-1,
766,2528,3,G,A,0.377,0.436
767,2532,0,T,C,0.272,0.373
768,2533,0,A,G,0.191,0.209
769,2534,1,G,A,0.863,0.766
770,2535,0,A,G,0.678,0.942
771,2536,0,G,A,0.422,0.651
772,2539,1,A,G,0.806,0.12
773,2540,0,C,A,0.971,0.488
774,2541,1,C,T,0.415,0.258
775,2542,0,G,A,0.667,0.834
776,2542,0,G,T,0.667,0.834
777,2545,1,T,G,1.913,1.819
778,2550,0,A,G,0.851,0.764
779,2550,2,A,T,0.851,0.764
780,2551,0,G,A,1.279,0.844
781,2556,0,A,C,-1,
782,2556,0,A,G,-1,
783,2557,5,C,T,-1,
784,2558,0,A,C,-1,
785,2558,4,A,G,-1,
786,2559,0,T,A,-1,
787,2561,0,T,C,0.735,0.859
788,2563,2,T,C,0.359,0.115
789,2563,1,T,A,0.359,0.115
790,2564,1,A,T,1.871,1.7
791,2572,0,C,G,0.72,1.359
792,2573,0,G,A,0.184,0.523
793,2574,0,G,T,1.573,1.182
794,2575,0,T,C,1.822,1.709
795,2575,0,T,G,1.822,1.709
796,2577,0,C,T,0.742,0.503
797,2580,2,T,C,1.796,1.527
798,2581,152,A,G,0.863,0.89
799,2582,1,A,G,1.862,1.709
800,2583,0,C,T,1.576,1.164
801,2586,1,T,G,1.797,1.579
802,2589,6,A,G,0.869,0.782
803,2592,1,GG,del,1.831,1.658
804,2593,0,G,A,1.963,1.969
805,2595,1,A,del,1.947,1.969
806,2595,0,A,G,1.947,1.969
807,2600,0,A,G,1.937,1.884
808,2602,0,T,C,1.924,1.822
809,2607,2,T,C,1.072,1.446
810,2609,6,T,C,1.305,1.107
811,2612,0,C,T,0.265,0.387
812,2614,2,T,C,1.837,1.844
813,2616,1,A,G,1.987,2
814,2617,0,A,G,0.373,0.755
815,2617,0,A,T,0.373,0.755
816,2619,8,A,G,0.458,0.458
817,2621,0,G,A,0.143,0.417
818,2623,10,A,G,1.235,0.988
819,2625,2,C,T,0.517,0.731
820,2626,4,T,A,0.572,0.638
821,2626,224,T,C,0.572,0.638
822,2626,1,T,G,0.572,0.638
823,2628,10,T,C,0.955,0.96
824,2630,1,T,C,1.003,1.6
825,2631,0,G,C,1.852,1.707
826,2631,0,G,A,1.852,1.707
827,2633,0,A,G,1.881,1.753
828,2634,1,T,C,0.899,1.008
829,2635,0,G,A,1.828,1.704
830,2636,1,G,A,1.686,1.4
831,2636,0,G,C,1.686,1.4
832,2637,0,C,T,0.587,0.744
833,2638,16,T,C,0.346,0.138
834,2639,146,C,T,0.442,0.316
835,2639,1,C,A,0.442,0.316
836,2643,2,G,A,1.705,1.637
837,2647,1,G,A,0.632,0.486
838,2648,1,T,C,0.167,0.433
839,2649,6,T,C,0.175,0.628
840,2650,1,C,T,0.103,0.642
841,2652,12,G,A,0.978,0.982
842,2653,1,C,del,1.798,1.594
843,2654,0,T,C,1.857,1.691
844,2658,0,T,C,1.159,1.717
845,2664,0,T,C,0.359,0.432
846,2666,0,T,C,0.21,0.127
847,2667,2,T,C,0.186,0.128
848,2668,1,A,G,0.699,0.64
849,2672,20,A,G,0.405,0.518
850,2674,1,T,C,0.881,1.242
851,2679,2,T,C,1.02,1.495
852,2680,0,T,A,0.638,1.739
853,2686,10,G,A,0.011,0.076
854,2687,1,C,T,0.507,0.444
855,2689,1,C,T,0.123,0.526
856,2689,1,C,CC,0.123,0.526
857,2690,2,G,A,1.727,1.53
858,2695,3,G,A,0.646,0.945
859,2697,0,G,A,0.39,0.235
860,2698,0,G,A,1.254,1.24
861,2700,1,G,C,0.149,0.531
862,2700,0,G,A,0.149,0.531
863,2700,1,G,T,0.149,0.531
864,2701,5,G,A,0.433,0.725
865,2702,86,G,A,0.49,0.533
866,2703,1,C,G,0.019,0.103
867,2703,0,C,T,0.019,0.103
868,2704,1,A,del,0.368,1.199
869,2704,1,A,G,0.368,1.199
870,2706,1,A,T,0.173,0.272
871,2706,1,A,C,0.173,0.272
872,2706,40793,A,G,0.173,0.272
873,2707,0,A,T,0.167,0.405
874,2707,20,A,C,0.167,0.405
875,2707,54,A,G,0.167,0.405
876,2708,4,C,T,0.228,0.164
877,2708,0,C,A,0.228,0.164
878,2709,0,A,T,0.093,0.117
879,2709,0,A,C,0.093,0.117
880,2709,5,A,G,0.093,0.117
881,2710,2,C,T,0.704,0.149
882,2712,0,G,A,0.449,1.118
883,2713,3,C,T,0.651,0.345
884,2716,0,G,A,1.755,1.658
885,2719,2,G,A,1.088,1.831
886,2721,0,G,A,0.731,0.955
887,2723,1,A,AA,1.987,1.969
888,2725,0,A,G,1.799,1.636
889,2729,0,T,C,0.997,1.424
890,2730,1,A,G,0.652,0.462
891,2731,0,T,C,1.503,1.363
892,2731,2,T,G,1.503,1.363
893,2733,0,G,A,0.76,0.897
894,2733,0,G,C,0.76,0.897
895,2734,0,A,G,1.85,1.681
896,2735,24,G,A,0.773,0.556
897,2736,2,C,T,1.694,1.463
898,2737,0,T,C,1.971,1.931
899,2738,0,T,C,1.937,1.85
900,2738,0,T,G,1.937,1.85
901,2738,0,T,A,1.937,1.85
902,2739,1,T,TT,0.318,0.439
903,2739,0,T,C,0.318,0.439
904,2740,0,A,G,1.857,1.725
905,2741,0,A,G,0.697,0.17
906,2743,1,T,C,-0.019,0.277
907,2744,0,T,C,0.463,0.385
908,2746,29,T,C,-0.062,-0.45
909,2748,1,A,G,0.233,0.058
910,2749,14,A,G,0.46,0.074
911,2750,0,T,C,0.236,-0.054
912,2752,0,C,T,0.098,-0.163
913,2754,0,A,T,-1,
914,2755,250,A,G,-1,
915,2755,1,A,T,-1,
916,2756,0,C,G,-1,
917,2756,2,C,A,-1,
918,2756,7,C,T,-1,
919,2757,109,A,G,-1,
920,2757,0,A,T,-1,
921,2758,2494,G,A,-1,
922,2759,14,T,C,-1,
923,2760,23,A,G,-1,
924,2761,2,C,T,-1,
925,2762,2,C,A,-1,
926,2762,15,C,T,-1,
927,2763,6,T,C,-1,
928,2763,0,T,TA,-1,
929,2764,0,A,T,-1,
930,2764,1,A,G,-1,
931,2765,18,A,G,-1,
932,2766,10,C,A,-1,
933,2766,0,C,CT,-1,
934,2766,40,C,T,-1,
935,2768,305,A,G,-1,
936,2768,0,A,C,-1,
937,2769,2,A,G,-1,
938,2770,0,C,T,-1,
939,2772,0,C,G,-1,
940,2772,2,C,A,-1,
941,2772,180,C,T,-1,
942,2774,0,C,T,-1,
943,2775,20,A,G,-1,
944,2776,0,G,A,-1,
945,2777,0,G,A,-1,
946,2778,0,T,C,-1,
947,2778,1,T,G,-1,
948,2779,7,C,T,-1,
949,2780,12,C,T,-1,
950,2780,0,C,A,-1,
951,2781,0,T,C,-1,
952,2783,0,A,G,-1,
953,2784,1,A,G,-1,
954,2784,0,A,C,-1,
955,2785,1,C,T,-1,
956,2785,0,C,G,-1,
957,2786,15,T,C,-1,
958,2786,0,T,A,-1,
959,2788,1,C,T,-1,
960,2789,994,C,T,-1,
961,2789,2,C,A,-1,
962,2789,0,CA,C,-1,
963,2789,1,C,CT,-1,
964,2790,0,A,G,-1,
965,2790,1,A,del,-1,
966,2791,0,A,T,-1,
967,2792,22,A,G,-1,
968,2792,5,A,C,-1,
969,2793,1,C,T,-1,
970,2800,0,TA,T,0.508,-0.078
971,2803,1,A,G,0.488,0.018
972,2804,6,A,G,--,0.336
973,2804,0,A,T,--,0.336
974,2805,0,A,T,0.895,0.171
975,2805,0,A,G,0.895,0.171
976,2806,0,T,C,0.719,0.178
977,2809,1,C,A,1.162,0.714
978,2809,0,C,T,1.162,0.714
979,2811,0,G,A,0.597,0.951
980,2811,0,GT,G,0.597,0.951
981,2814,0,G,C,1.898,1.869
982,2814,0,G,A,1.898,1.869
983,2817,0,G,A,1.781,1.709
984,2818,0,C,A,1.265,0.756
985,2818,3,C,T,1.265,0.756
986,2819,0,G,A,1.683,1.401
987,2819,0,GACCTCGGAGCAGAACCCA,G,1.683,1.401
988,2820,0,A,G,0.854,1.208
989,2821,0,C,T,0.561,0.931
990,2825,0,G,A,0.632,0.473
991,2826,0,G,A,0.576,0.56
992,2829,4,C,T,0.227,-0.002
993,2831,93,G,A,0.878,0.196
994,2831,0,G,C,0.878,0.196
995,2831,99,G,T,0.878,0.196
996,2832,1,A,del,1.681,1.367
997,2832,1,A,G,1.681,1.367
998,2833,119,A,G,0.381,0.674
999,2834,5,C,T,0.019,0.095
1000,2834,0,C,G,0.019,0.095
1001,2835,59,C,T,0.365,-0.103
1002,2835,6,C,A,0.365,-0.103
1003,2836,106,C,A,0.637,0.335
1004,2836,31,C,T,0.637,0.335
1005,2837,0,A,G,1.74,1.411
1006,2838,0,A,C,0.772,-0.007
1007,2838,0,A,G,0.772,-0.007
1008,2841,0,T,C,0.201,0.703
1009,2844,2,G,A,1.105,0.515
1010,2846,1,G,A,0.988,0.389
1011,2847,0,C,A,0.509,0.276
1012,2848,5,A,G,-0.059,-0.241
1013,2849,12,G,A,0.487,-0.496
1014,2850,112,T,C,-0.329,-0.773
1015,2850,0,T,A,-0.329,-0.773
1016,2851,43,A,G,-1,
1017,2851,0,A,C,-1,
1018,2851,0,A,T,-1,
1019,2852,2,C,T,-1,
1020,2852,0,C,G,-1,
1021,2852,0,C,A,-1,
1022,2853,0,A,G,-1,
1023,2854,3,T,G,-1,
1024,2854,0,T,C,-1,
1025,2855,1,G,A,-1,
1026,2856,8,C,T,-1,
1027,2856,0,C,G,-1,
1028,2857,41,T,C,-1,
1029,2858,4,A,G,-1,
1030,2859,0,A,G,-1,
1031,2861,1,A,G,-1,
1032,2863,71,T,C,-1,
1033,2864,0,T,C,-1,
1034,2864,0,T,G,-1,
1035,2865,2,C,T,-1,
1036,2866,0,A,G,-1,
1037,2868,0,C,T,-1,
1038,2870,0,G,A,-1,
1039,2871,1,T,C,-1,
1040,2872,2,C,T,-1,
1041,2873,1,A,G,-1,
1042,2875,9,A,G,-1,
1043,2876,0,G,A,-1,
1044,2878,0,GA,G,-1,
1045,2878,0,G,A,-1,
1046,2878,1,G,T,-1,
1047,2879,8,A,G,-1,
1048,2880,0,A,T,-1,
1049,2880,30,A,G,-1,
1050,2881,2,C,T,-1,
1051,2882,0,TAC,T,-1,
1052,2882,0,T,G,-1,
1053,2882,4,T,C,-1,
1054,2883,0,A,T,-1,
1055,2883,2,A,G,-1,
1056,2884,0,CTA,C,-1,
1057,2884,2,C,G,-1,
1058,2884,21,C,T,-1,
1059,2885,13,TA,del,-1,
1060,2885,2482,T,C,-1,
1061,2885,0,T,G,-1,
1062,2886,2,A,del,-1,
1063,2886,0,A,G,-1,
1064,2886,0,A,T,-1,
1065,2887,167,T,C,-1,
1066,2889,30,C,T,0.601,-0.375
1067,2889,1,C,A,0.601,-0.375
1068,2889,0,C,G,0.601,-0.375
1069,2890,0,T,C,-0.116,-0.376
1070,2891,1,C,T,0.378,-0.634
1071,2891,1,C,G,0.378,-0.634
1072,2892,1,A,G,0.005,-0.267
1073,2893,0,A,G,0.741,-0.318
1074,2896,1,G,A,-1,
1075,2897,0,A,G,1.677,1.361
1076,2898,1,T,C,0.927,0.413
1077,2903,6,T,C,-1,
1078,2903,0,TA,T,-1,
1079,2904,1,A,G,-1,
1080,2904,2,A,T,-1,
1081,2905,17,A,G,-1,
1082,2906,3,C,A,-1,
1083,2906,3,C,T,-1,
1084,2908,0,T,C,0.173,0.343
1085,2909,0,G,A,1.362,1.165
1086,2911,3,C,T,0.662,0.936
1087,2912,0,C,T,0.779,0.686
1088,2913,0,A,G,0.951,1.307
1089,2914,0,A,G,0.97,1.172
1090,2916,1,G,A,0.901,0.989
1091,2917,1,G,C,1.276,0.869
1092,2917,0,G,A,1.276,0.869
1093,2921,1,A,G,1.833,1.671
1094,2924,0,T,C,0.585,0.794
1095,2925,0,T,C,1.847,1.806
1096,2926,0,A,G,1.899,1.778
1097,2927,0,C,T,1.933,1.944
1098,2931,1,A,G,0.992,1.447
1099,2932,0,G,A,1.873,1.81
1100,2934,0,G,A,1.825,1.87
1101,2935,0,A,G,1.837,1.665
1102,2937,1,A,del,1.973,1.937
1103,2940,0,A,T,1.293,2
1104,2940,1,A,del,1.293,2
1105,2943,0,G,A,0.885,0.954
1106,2945,0,A,G,0.193,1.168
1107,2946,0,A,G,1.113,1.614
1108,2947,1,T,C,1.854,1.677
1109,2949,0,C,T,0.091,0.287
1110,2951,11,A,G,0.018,-0.15
1111,2952,0,T,C,0.225,0.847
1112,2953,0,T,C,0.646,0.423
1113,2955,7,T,C,0.546,-0.26
1114,2955,1,T,A,0.546,-0.26
1115,2958,1,A,G,1.132,1.521
1116,2960,2,T,C,1.092,0.793
1117,2961,2,C,T,0.829,0.798
1118,2963,4,A,G,1.161,0.595
1119,2964,0,T,C,0.835,1.115
1120,2967,4,C,T,1.451,0.873
1121,2968,2,A,G,1.495,0.953
1122,2969,3,A,G,1.646,1.275
1123,2971,1,A,T,0.671,0.472
1124,2971,3,A,G,0.671,0.472
1125,2972,0,A,G,0.11,0.8
1126,2973,0,T,G,0.05,-0.131
1127,2974,0,A,G,0.709,0.291
1128,2978,0,T,C,1.514,1.265
1129,2982,1,C,T,0.403,0.958
1130,2983,1,G,A,0.469,1.139
1131,2984,0,A,G,1.119,1.714
1132,2985,0,C,T,1.914,1.809
1133,2989,0,G,A,1.879,1.794
1134,2992,0,G,A,2,2
1135,2996,0,G,A,1.517,1.289
1136,3000,0,A,G,0.679,1.563
1137,3003,2,A,G,0.221,1.13
1138,3005,0,A,G,1.515,1.151
1139,3006,1,T,G,1.12,0.894
1140,3006,1,T,C,1.12,0.894
1141,3008,1,C,G,0.953,1.019
1142,3008,1,C,T,0.953,1.019
1143,3009,0,C,A,1.274,0.607
1144,3009,2,C,T,1.274,0.607
1145,3010,7407,G,A,0.263,0.294
1146,3013,0,G,A,1.28,1.298
1147,3014,1,G,T,0.295,0.787
1148,3015,0,T,C,0.679,1.383
1149,3016,0,G,A,1.764,1.46
1150,3017,1,C,G,0.202,0.649
1151,3019,1,G,T,1.409,1.023
1152,3019,2,G,A,1.409,1.023
1153,3022,0,G,A,0.762,1.235
1154,3027,578,T,C,0.407,0.389
1155,3028,0,A,G,1.647,1.214
1156,3030,0,A,G,1.161,0.426
1157,3031,0,G,A,0.867,1.073
1158,3033,1,T,C,1.802,1.558
1159,3036,0,G,A,1.822,1.683
1160,3039,0,T,C,1.97,1.968
1161,3041,0,T,C,1.828,2
1162,3052,0,A,AC,1.709,1.496
1163,3052,0,A,AT,1.709,1.496
1164,3053,0,A,G,1.029,1.393
1165,3054,0,G,A,1.043,0.955
1166,3055,0,T,C,0.216,1.086
1167,3057,1,C,G,0.78,0.697
1168,3058,1,T,C,0.757,1.632
1169,3062,0,T,C,1.135,1.91
1170,3076,0,A,G,1.783,1.54
1171,3077,1,C,T,0.842,0.98
1172,3079,1,G,A,1.923,1.81
1173,3080,0,G,A,1.062,0.979
1174,3082,1,G,A,1.957,1.892
1175,3083,32,T,C,1.251,0.759
1176,3084,10,A,G,1.153,1.266
1177,3087,0,C,T,0.893,0.772
1178,3089,1,A,G,1.939,2
1179,3091,0,G,A,0.836,1.005
1180,3095,1,G,A,1.985,1.964
1181,3096,1,TTTCTATCTAC,del,1.686,1.799
1182,3096,13,T,C,1.686,1.799
1183,3097,1,T,C,0.991,1.639
1184,3098,0,T,C,0.845,1.44
1185,3099,1,C,T,0.843,1.648
1186,3100,1,T,C,1.299,2
1187,3101,16,A,del,1.211,1.828
1188,3102,0,T,C,1.168,1.886
1189,3105,78,A,G,0.6,0.49
1190,3106,207,C,A,0.545,1.172
1191,3106,3,C,del,0.545,1.172
1192,3106,71,CN,del,0.545,1.172
1193,3107,2,NT,del,-1,
1194,3109,2,T,del,-1,
1195,3109,0,TCA,T,-1,
1196,3109,10,T,C,-1,
1197,3109,5,T,A,-1,
1198,3110,1,C,del,-1,
1199,3110,2,C,A,-1,
1200,3110,9,C,T,-1,
1201,3111,6,A,T,-1,
1202,3111,1,A,G,-1,
1203,3112,0,A,G,-1,
1204,3112,0,A,ACGT,-1,
1205,3112,0,A,AT,-1,
1206,3112,0,A,T,-1,
1207,3113,1,A,G,-1,
1208,3114,0,T,C,0.448,0.421
1209,3116,112,C,T,0.174,0.533
1210,3116,1,C,del,0.174,0.533
1211,3118,0,T,C,0.248,0.892
1212,3122,0,T,A,1.64,1.393
1213,3123,0,G,A,2,2
1214,3125,1,A,G,1.97,1.928
1215,3133,1,A,T,1.97,1.928
1216,3135,1,A,del,1.082,0.491
1217,3140,31,A,G,0.097,0.849
1218,3144,23,A,G,0.328,0.13
1219,3145,20,A,G,0.419,0.294
1220,3146,3,G,A,0.025,0.621
1221,3148,0,C,T,0.977,0.633
1222,3150,43,T,C,-0.082,-0.223
1223,3153,0,T,C,0.487,-0.377
1224,3153,1,T,del,0.487,-0.377
1225,3154,1,T,C,0.502,-0.349
1226,3155,1,C,T,0.414,-0.396
1227,3156,3,A,G,-1,
1228,3157,6,C,T,-1,
1229,3157,1,C,A,-1,
1230,3157,0,C,CA,-1,
1231,3157,1,C,CT,-1,
1232,3158,48,A,AT,0.433,-0.394
1233,3158,3,A,del,0.433,-0.394
1234,3159,1,A,AT,0.498,-0.364
1235,3160,1,A,G,0.378,-0.345
1236,3163,1,G,A,0.909,0.719
1237,3165,0,C,CT,0.057,0.641
1238,3166,0,T,C,0.431,0.291
1239,3167,0,T,TC,0.386,0.138
1240,3167,0,T,C,0.386,0.138
1241,3167,6,T,TT,0.386,0.138
1242,3168,0,C,A,-1,
1243,3168,1,C,T,-1,
1244,3169,6,C,T,-1,
1245,3169,0,C,A,-1,
1246,3170,7,C,A,-1,
1247,3171,0,C,A,-1,
1248,3171,0,C,T,-1,
1249,3172,48,C,CC,-1,
1250,3172,11,C,A,-1,
1251,3172,4,C,T,-1,
1252,3173,13,G,A,-1,
1253,3174,0,T,C,-1,
1254,3175,1,A,G,-1,
1255,3176,0,A,G,-1,
1256,3177,0,A,G,-1,
1257,3180,0,A,G,-1,
1258,3181,0,T,C,-1,
1259,3183,4,T,C,-1,
1260,3184,4,C,T,-1,
1261,3184,0,C,A,-1,
1262,3189,1,C,T,-1,
1263,3191,0,A,G,-1,
1264,3192,21,C,T,-1,
1265,3196,1,G,C,-1,
1266,3196,13,G,A,-1,
1267,3196,1,G,T,-1,
1268,3197,2069,T,C,-1,
1269,3198,1,A,T,-1,
1270,3198,4,A,G,-1,
1271,3199,10,T,A,-1,
1272,3199,2,T,C,-1,
1273,3199,0,T,G,-1,
1274,3200,118,T,A,-1,
1275,3200,75,T,C,-1,
1276,3201,1,A,T,-1,
1277,3201,0,A,G,-1,
1278,3202,0,T,G,-1,
1279,3202,31,T,C,-1,
1280,3203,3,A,T,-1,
1281,3203,100,A,G,-1,
1282,3204,1,C,G,-1,
1283,3204,171,C,T,-1,
1284,3204,1,C,del,-1,
1285,3205,0,C,T,-1,
1286,3206,155,C,T,-1,
1287,3206,0,C,A,-1,
1288,3207,0,A,G,-1,
1289,3207,0,A,C,-1,
1290,3208,10,C,T,-1,
1291,3209,2,A,T,-1,
1292,3209,12,A,G,-1,
1293,3209,1,A,C,-1,
1294,3210,47,C,T,-1,
1295,3211,15,C,T,-1,
1296,3212,63,C,T,-1,
1297,3213,21,A,G,-1,
1298,3214,0,C,T,-1,
1299,3217,1,A,G,-1,
1300,3219,0,G,A,-1,
1301,3220,1,A,G,-1,
1302,3221,68,A,G,-1,
1303,3225,0,G,A,-1,
1304,3226,1,G,T,-1,
1305,3228,0,T,C,-1,
1306,3228,0,T,TA,-1,
1307,3229,1,T,TT,-1,
1308,3229,1,T,TC,-1,
1309,3229,7,T,TA,-1,
1310,3229,0,T,C,-1,
