position;;CVTOT;CVMIT;Genomic
1;G;-0.544;-0.642;
2;G;-0.703;-0.879;
3;T;-0.386;-0.518;
4;T;-0.411;-0.777;
5;A;0.183;-0.803;
6;A;0.256;-0.642;
7;G;-0.022;-0.779;
8;C;-0.234;-0.74;
9;G;-0.366;-0.871;
10;A;-0.201;-0.818;
11;C;-0.448;-0.418;
12;T;-0.023;0.189;
13;A;0.515;-0.296;
14;A;1.23;0.258;
15;G;0.319;0.49;1671
16;C;-0.061;0.457;1672
17;G;-0.389;-0.611;
18;T;-0.345;-0.686;
19;A;-0.813;-0.638;
20;C;-0.737;-0.6;
21;A;-0.672;-0.58;
22;C;-0.387;-0.668;
23;G;-0.034;-0.641;
24;G;-0.142;-0.446;
25;T;-0.023;-0.744;
26;G;0.475;-0.813;
27;G;0.452;-0.375;
28;A;1.375;0.614;
29;T;0.622;-0.14;
30;G;0.206;0.016;
;;-1;;1673
;;-1;;1674
;;-1;;1675
;;-1;;1676
31;C;0.159;-0.185;1677
32;C;1.472;1.071;1678
33;C;1.479;1.122;1679
34;T;0.413;1.031;1680
35;G;1.576;1.119;1681
36;G;0.682;0.575;1682
37;C;0.833;0.273;1683
38;A;0.086;0.033;1684
39;G;-0.197;-0.479;1685
;;-1;;1686
;;-1;;1687
;;-1;;1688
;;-1;;1689
;;-1;;1690
;;-1;;1691
;;-1;;1692
;;-1;;1693
;;-1;;1694
;;-1;;1695
;;-1;;1696
;;-1;;1697
;;-1;;1698
;;-1;;1699
;;-1;;1700
;;-1;;1701
;;-1;;1702
;;-1;;1703
;;-1;;1704
;;-1;;1705
;;-1;;1706
;;-1;;1707
;;-1;;1708
;;-1;;1709
;;-1;;1710
;;-1;;1711
;;-1;;1712
;;-1;;1713
;;-1;;1714
;;-1;;1715
;;-1;;1716
;;-1;;1717
;;-1;;1718
;;-1;;1719
;;-1;;1720
;;-1;;1721
;;-1;;1722
;;-1;;1723
;;-1;;1724
;;-1;;1725
;;-1;;1726
;;-1;;1727
;;-1;;1728
;;-1;;1729
;;-1;;1730
;;-1;;1731
;;-1;;1732
;;-1;;1733
;;-1;;1734
;;-1;;1735
;;-1;;1736
;;-1;;1737
40;T;-0.595;-0.638;
41;C;-0.768;-0.661;
42;A;-0.298;-0.609;
43;G;-0.679;-0.642;
44;A;-0.146;-0.621;
45;G;-0.302;-0.57;
46;G;-0.86;-0.631;
47;C;0.147;-0.513;
48;G;0.343;-0.432;
49;A;0.317;-0.327;
50;T;-0.357;-0.331;
51;G;0.367;-0.327;
52;A;0.387;-0.258;
53;A;0.421;-0.506;
54;G;0.348;-0.579;
55;G;0.087;-0.504;
56;A;-0.254;-0.546;
57;C;0.214;-0.567;
58;G;0.468;-0.535;
59;T;-0.388;-0.572;
60;G;-0.331;-0.622;
61;C;-0.596;-0.553;
62;T;-0.666;-0.591;
63;A;-0.565;-0.625;
64;A;-0.161;-0.571;
65;T;-0.746;-0.491;
66;C;-0.288;-0.482;
67;T;-0.446;-0.613;
68;G;-0.22;-0.601;
69;C;0.464;-0.513;
70;G;0.247;-0.584;
71;A;0.201;-0.474;
72;T;-0.237;-0.477;
73;A;0.514;-0.439;
74;A;-0.589;-0.619;
75;G;-0.06;-0.619;
76;C;-0.089;-0.615;
77;G;-0.652;-0.616;
78;T;-0.773;-0.501;
79;C;-0.661;-0.589;
80;G;-0.147;-0.603;
81;G;-0.056;-0.555;
82;T;-0.568;-0.56;
83;A;-0.341;-0.531;
84;A;0.008;-0.29;
85;G;-0.207;-0.497;
86;G;-0.68;-0.586;
87;T;-0.554;-0.537;
88;G;-0.148;-0.472;
89;A;-0.903;-0.456;
90;T;-0.864;-0.496;
91;A;-0.407;-0.478;
92;T;-0.835;-0.528;
93;G;-0.871;-0.496;
94;A;-0.333;-0.346;
95;A;-0.596;-0.477;
96;C;-0.576;-0.517;
97;C;-0.229;-0.435;
98;G;-0.725;-0.473;
99;T;-0.552;-0.327;
100;T;-0.528;-0.358;
101;A;-0.391;-0.268;
102;T;-0.402;-0.191;
103;A;0.003;-0.152;
104;A;-0.658;-0.45;
105;C;-0.272;-0.573;
106;C;0.119;-0.559;
107;G;-0.494;-0.554;
108;G;-0.7;-0.467;
109;C;-0.595;-0.568;
110;G;0.012;-0.546;
111;A;-0.158;-0.457;
112;T;0.19;-0.421;
113;T;-0.694;-0.481;
114;T;-0.261;-0.537;
115;C;0.059;-0.485;
116;C;0.012;-0.544;
117;G;0.295;-0.561;
118;A;0.423;-0.403;
119;A;0.479;-0.405;
120;T;-0.075;-0.478;
121;G;-0.056;-0.529;
122;G;-0.244;-0.461;
123;G;-0.061;-0.472;
124;G;-0.427;-0.45;
125;A;-0.624;-0.4;
126;A;-0.164;-0.369;
127;A;-0.262;-0.364;
128;C;-0.059;-0.433;
129;C;-0.228;-0.447;
130;C;-0.159;-0.533;
131;A;-0.564;-0.191;
132;G;-0.784;-0.206;
133;T;-0.727;-0.209;
134;G;-0.955;-0.206;
135;T;-0.926;-0.189;
136;G;-0.955;-0.104;
137;T;-0.956;-0.073;
138;T;-0.906;-0.272;
139;T;-0.646;-0.2;
140;C;-0.823;-0.179;
141;G;-0.893;-0.158;
142;A;-0.933;-0.062;
143;C;-0.975;-0.062;
144;A;-0.94;-0.116;
145;C;-0.945;-0.136;
146;A;-0.642;-0.158;
147;C;-0.792;-0.17;
148;T;-0.564;-0.147;
149;A;0.093;-0.212;
150;T;-0.369;-0.291;
151;C;-0.694;-0.301;
152;A;-0.818;-0.28;
153;T;-0.77;-0.231;
154;T;-0.746;-0.188;
155;A;-0.903;-0.21;
156;A;-0.912;-0.222;
157;C;-0.725;-0.164;
158;T;-0.269;-0.153;
159;G;-0.349;-0.175;
160;A;-0.146;-0.198;
161;A;-0.485;-0.271;
162;T;-0.22;-0.296;
163;C;-0.671;-0.29;
164;C;-0.515;-0.31;
165;A;-0.455;-0.267;
166;T;-0.163;-0.169;
167;A;-0.581;-0.169;
168;G;-0.515;-0.169;
169;G;-0.673;-0.137;
170;T;-0.924;-0.213;
171;T;-0.899;-0.188;
172;A;-0.717;-0.196;
173;A;-0.69;-0.231;
174;T;-0.716;-0.271;
175;G;-0.759;-0.293;
176;A;-0.335;-0.303;
177;G;-0.527;-0.269;
178;G;0.352;-0.255;
179;C;-0.645;-0.487;
180;G;-0.779;-0.526;
181;A;-0.617;-0.5;
182;A;0.599;-0.385;
183;C;0.47;-0.491;
184;C;-0.156;-0.616;
185;G;-0.378;-0.604;
186;G;-0.328;-0.604;
187;G;-0.298;-0.597;
188;G;-0.53;-0.628;
189;G;0.47;-0.698;
190;A;1.353;0.56;
191;A;1.236;0.535;
192;C;0.136;-0.49;
193;T;0.939;0.058;
194;G;0.357;0.482;
195;A;1.693;1.276;
196;A;1.714;1.337;
197;A;0.472;0.171;
198;C;1.535;0.909;
199;A;1.655;1.212;
200;T;1.663;1.145;
201;C;0.354;0.61;
202;T;1.255;0.258;
203;A;0.118;-0.017;
204;A;0.616;-0.806;
205;G;-0.155;-0.929;
206;T;0.678;-0.734;
207;A;0.612;-0.629;
208;C;-0.529;-0.738;
209;C;-0.296;-0.65;
210;C;-0.337;-0.613;
211;C;-0.365;-0.631;
212;G;-0.187;-0.616;
213;A;0.342;-0.442;
214;G;0.49;-0.522;
215;G;0.464;-0.61;
216;A;0.573;-0.529;
217;A;0.281;-0.463;
218;A;-0.041;-0.795;
219;A;0.378;-0.849;
220;G;0.318;-0.716;
221;A;0.584;-0.512;
222;A;0.537;-0.444;
223;A;0.605;-0.527;
224;T;-0.746;-0.462;
225;C;-0.144;-0.449;
226;A;0.329;-0.382;
227;A;0.626;-0.393;
228;C;-0.316;-0.558;
229;C;-0.633;-0.568;
230;G;-0.149;-0.473;
231;A;-0.735;-0.441;
232;G;0.543;-0.519;
233;A;0.63;-0.43;
234;T;0.386;-0.632;
235;T;0.495;-0.738;
236;C;0.266;-0.273;
237;C;0.791;-0.177;1738
238;C;0.427;-0.286;1739
239;C;0.248;0.078;1740
240;C;-0.062;0.02;
241;A;1.467;1.205;1741
242;G;1.651;1.193;1742
243;T;1.741;1.315;1743
244;A;1.742;1.339;1744
245;G;0.312;0.067;1745
246;C;0.18;-0.071;1746
247;G;1.276;0.829;1747
248;G;1.535;0.879;1748
249;C;0.923;0.047;1749
250;G;1.577;0.926;1750
251;A;1.723;1.271;1751
252;G;0.494;-0.1;1752
253;C;0.35;0.087;1753
254;G;1.649;1.176;1754
255;A;1.721;1.329;1755
256;A;1.655;1.337;1756
257;C;0.109;0.801;1757
258;G;-0.189;-0.013;1758
259;G;0.316;-0.37;1759
;;-1;;1760
;;-1;;1761
;;-1;;1762
;;-1;;1763
;;-1;;1764
;;-1;;1765
260;G;0.724;-0.371;
261;G;0.069;-0.494;
262;A;0.284;-0.55;
263;G;-0.456;-0.586;
264;C;-0.733;-0.59;
265;A;0.526;-0.461;
266;G;0.452;-0.47;
267;C;-0.137;-0.583;
268;C;-0.021;-0.556;
269;C;-0.183;-0.535;
270;A;0.01;-0.474;
271;G;-0.97;-0.219;
272;A;-0.985;-0.228;
273;G;-0.954;-0.228;
274;C;-0.971;-0.235;
275;C;-0.974;-0.239;
276;T;-0.929;-0.291;
277;G;-0.956;-0.295;
278;A;-0.927;-0.317;
279;A;-0.974;-0.353;
280;T;-0.986;-0.362;
281;C;-0.972;-0.348;
282;A;-0.811;-0.327;
283;G;-0.965;-0.372;
284;T;-0.91;-0.345;
285;G;-0.913;-0.362;
286;T;-0.928;-0.329;
287;G;-0.875;-0.329;
288;T;-0.865;-0.357;
289;G;-0.944;-0.355;
290;T;-0.905;-0.413;
291;G;-0.875;-0.431;
292;T;-0.826;-0.428;
293;T;-0.583;-0.434;
294;A;-0.4;-0.403;
295;G;-0.583;-0.431;
296;T;-0.852;-0.447;
297;G;-0.924;-0.414;
298;G;-0.429;-0.375;
299;A;0.529;-0.325;
300;A;0.407;-0.369;
301;G;-0.58;-0.406;
302;C;-0.744;-0.4;
303;G;-0.824;-0.422;
304;T;-0.754;-0.419;
305;C;-0.337;-0.356;
306;T;-0.11;-0.288;
307;G;-0.205;-0.372;
308;G;0.25;-0.375;
309;A;0.08;-0.359;
310;A;0.136;-0.339;
311;A;-0.573;-0.348;
312;G;-0.423;-0.36;
313;G;-0.735;-0.403;
314;C;-0.797;-0.438;
315;G;-0.843;-0.413;
316;C;-0.651;-0.426;
317;G;-0.41;-0.443;
318;C;-0.116;-0.399;
319;G;-0.015;-0.447;
320;A;-0.148;-0.412;
321;T;-0.394;-0.49;
322;A;0.333;-0.341;
323;C;0.112;-0.401;
324;A;0.052;-0.412;
325;G;-0.435;-0.409;
326;G;0.327;-0.358;
327;G;0.492;-0.358;
328;T;0.512;-0.407;
329;G;0.061;-0.436;
330;A;0.21;-0.447;
331;C;-0.763;-0.447;
332;A;0.568;-0.341;
333;G;-0.063;-0.388;
334;C;-0.401;-0.406;
335;C;0.524;-0.316;
336;C;0.318;-0.354;
337;C;-0.488;-0.455;
338;G;0.421;-0.399;
339;T;0.623;-0.316;
340;A;-0.24;-0.424;
341;C;-0.739;-0.437;
342;A;-0.854;-0.421;
343;C;-0.582;-0.433;
344;A;-0.597;-0.36;
345;A;-0.598;-0.386;
346;A;-0.477;-0.407;
347;A;-0.56;-0.397;
348;A;-0.855;-0.361;
349;T;-0.867;-0.404;
350;G;-0.823;-0.379;
351;C;-0.861;-0.376;
352;A;-0.841;-0.356;
353;C;-0.862;-0.329;
354;A;-0.889;-0.363;
355;T;-0.854;-0.387;
356;G;-0.884;-0.383;
357;C;-0.915;-0.348;
358;T;-0.886;-0.353;
359;G;-0.874;-0.355;
360;T;-0.886;-0.316;
361;G;-0.868;-0.264;
362;A;-0.864;-0.296;
363;G;-0.851;-0.299;
364;C;-0.856;-0.276;
365;T;-0.789;-0.274;
366;C;-0.794;-0.221;
367;G;-0.784;-0.223;
368;A;-0.724;-0.254;
369;T;-0.73;-0.227;
370;G;0.228;-0.522;
371;A;0.679;-0.333;
372;G;0.677;-0.362;
373;T;0.693;-0.338;
374;A;0.063;-0.311;
375;G;-0.113;-0.52;
376;G;-0.541;-0.511;
377;G;-0.24;-0.492;
378;C;-0.242;-0.542;
379;G;-0.424;-0.521;
380;G;-0.128;-0.57;
381;G;-0.628;-0.497;
382;A;-0.536;-0.472;
383;C;-0.275;-0.303;
384;A;-0.326;-0.273;
385;C;-0.292;-0.385;
386;G;-0.251;-0.405;
387;T;-0.349;-0.439;
388;G;0.226;-0.562;
389;G;-0.411;-0.514;
390;T;0.214;-0.479;
391;A;-0.041;-0.395;
392;T;0.054;-0.438;
393;C;-0.476;-0.504;
394;C;-0.184;-0.565;
395;T;-0.661;-0.537;
396;G;0.365;-0.512;
397;T;-0.195;-0.461;
398;C;-0.595;-0.511;
399;T;-0.398;-0.496;
400;G;-0.268;-0.476;
401;A;0.616;-0.461;
402;A;0.647;-0.418;
403;T;-0.59;-0.565;
404;A;-0.661;-0.409;
405;T;-0.388;-0.466;
406;G;0.02;-0.529;
407;G;-0.048;-0.415;
408;G;0.227;-0.491;
409;G;-0.632;-0.537;
410;G;0.142;-0.496;
411;G;0.27;-0.509;
412;A;0.19;-0.51;
413;C;-0.228;-0.449;
414;C;-0.36;-0.461;
415;A;-0.388;-0.422;
416;T;-0.394;-0.547;
417;C;0.143;-0.493;
418;C;-0.639;-0.564;
419;T;-0.273;-0.537;
420;C;-0.092;-0.484;
421;C;-0.346;-0.545;
422;A;0.66;-0.335;
423;A;0.695;-0.337;
424;G;0.044;-0.539;
425;G;-0.099;-0.594;
426;C;0.482;-0.445;
427;T;0.585;-0.454;
428;A;0.586;-0.409;
429;A;0.618;-0.385;
430;A;0.44;-0.533;
431;T;0.467;-0.513;
432;A;0.672;-0.404;
433;C;-0.279;-0.592;
434;T;-0.225;-0.615;
435;C;-0.71;-0.408;
436;C;-0.68;-0.582;
437;T;-0.299;-0.548;
438;G;-0.692;-0.618;
439;A;-0.538;-0.639;
440;C;-0.188;-0.621;1766
441;T;0.068;-0.241;1767
442;G;0.849;-0.056;1768
443;A;0.934;-0.006;1769
444;C;0.697;0.205;1770
445;C;1.487;0.676;1771
446;G;0.633;-0.366;1772
447;A;1.548;0.812;1773
448;T;1.484;0.632;1774
449;A;1.602;0.982;1775
450;G;1.502;0.725;1776
451;T;0.213;0.304;
452;G;0.718;-0.095;
453;A;0.692;0.593;
454;A;1.135;0.001;
455;C;-0.134;-0.502;
456;C;-0.518;-0.704;
;;-1;;1777
;;-1;;1778
;;-1;;1779
;;-1;;1780
457;A;1.065;-0.194;1781
458;G;1.836;1.582;1782
459;T;1.868;1.647;1783
460;A;1.823;1.593;1784
461;C;1.385;1.246;1785
462;C;1.026;0.994;1786
463;G;1.7;1.465;1787
464;T;0.932;0.468;1788
465;G;1.017;0.895;1789
466;A;1.852;1.608;1790
467;G;0.969;1.004;1791
468;G;1.346;1.262;1792
469;G;1.207;0.452;1793
470;A;1.818;1.528;1794
471;A;1.817;1.478;1795
472;A;1.007;0.492;1796
473;G;1.286;0.626;1797
474;G;-0.004;-0.098;1798
475;C;1.031;0.911;
476;G;1.076;0.737;
477;A;0.438;-0.29;
478;A;0.515;-0.32;
479;A;0.54;-0.344;
480;A;0.455;-0.315;
481;G;0.494;-0.382;
482;A;-0.569;-0.35;
483;A;0.352;-0.37;
484;C;0.287;-0.486;
485;C;-0.188;-0.49;
486;C;-0.208;-0.474;
487;C;-0.308;-0.416;
488;G;-0.352;-0.301;
489;G;-0.339;-0.487;
490;C;-0.761;-0.504;
491;G;-0.565;-0.444;
492;A;-0.148;-0.377;
493;G;-0.298;-0.394;
494;G;0.241;-0.47;
495;G;-0.209;-0.47;
496;G;0.163;-0.474;
497;A;0.053;-0.301;
498;G;0.366;-0.305;
499;T;0.437;-0.329;
500;G;-0.163;-0.372;
501;A;-0.05;-0.459;
502;A;0.347;-0.39;
503;A;0.502;-0.304;
504;A;-0.686;-0.38;
505;A;0.541;-0.312;
506;G;0.497;-0.376;
507;A;-0.327;-0.353;
508;A;-0.377;-0.502;
509;C;0.288;-0.534;
510;C;-0.493;-0.601;
511;T;0.678;-0.42;
512;G;0.605;-0.527;
513;A;0.687;-0.422;
514;A;0.646;-0.45;
515;A;0.498;-0.491;
516;C;-0.134;-0.57;
517;C;-0.008;-0.684;
518;G;-0.119;-0.718;
519;T;-0.362;-0.666;
520;G;-0.664;-0.609;
521;T;-0.018;-0.196;
522;A;0.307;0.215;
523;C;0.091;0.352;
;;-1;;1799
;;-1;;1800
;;-1;;1801
;;-1;;1802
;;-1;;1803
;;-1;;1804
;;-1;;1805
;;-1;;1806
;;-1;;1807
;;-1;;1808
;;-1;;1809
;;-1;;1810
;;-1;;1811
;;-1;;1812
;;-1;;1813
;;-1;;1814
;;-1;;1815
524;G;-0.169;0.221;1816
525;T;0.136;-0.027;1817
526;A;0.552;0.61;1818
527;C;0.005;0.306;1819
528;A;0.126;0.483;1820
529;A;0.268;1.186;1821
530;G;0.373;0.48;
531;C;0.35;0.745;
532;A;0.302;1.25;
533;G;0.344;0.593;
534;T;0.234;0.393;
535;G;0.108;0.482;
536;G;-0.439;-0.701;
537;G;-0.483;-0.579;
538;A;-0.237;-0.473;
539;G;0.15;-0.496;
540;C;-0.567;-0.6;
541;A;-0.754;-0.493;
542;C;-0.678;-0.487;
543;G;-0.944;-0.411;
544;C;-0.914;-0.375;
545;T;-0.221;0.566;
546;T;-0.146;-0.035;
547;A;-0.301;-0.096;
548;G;-0.43;-0.088;
549;G;-0.861;-0.359;
550;C;-0.954;-0.363;
551;G;-0.578;-0.505;
552;T;-0.764;-0.476;
553;G;-0.567;-0.603;
554;T;-0.012;-0.457;
555;G;-0.4;-0.613;
556;A;0.056;-0.486;
557;C;-0.437;-0.694;
558;T;-0.033;0.314;
559;G;0.121;0.256;
560;C;0.275;0.541;
561;G;0.582;0.511;
;;-1;;1822
;;-1;;1823
;;-1;;1824
;;-1;;1825
;;-1;;1826
;;-1;;1827
;;-1;;1828
;;-1;;1829
;;-1;;1830
;;-1;;1831
;;-1;;1832
;;-1;;1833
;;-1;;1834
;;-1;;1835
;;-1;;1836
;;-1;;1837
;;-1;;1838
;;-1;;1839
;;-1;;1840
;;-1;;1841
;;-1;;1842
562;T;0.992;1.457;1843
563;A;0.185;1.35;1844
564;C;1.81;1.472;1845
565;C;0.834;1.462;1846
566;T;1.879;1.665;1847
567;T;0.499;1.469;1848
568;T;1.651;1.169;1849
569;T;1.644;1.32;1850
570;G;1.879;1.665;1851
571;T;0.338;1;1852
572;A;1.834;1.629;1853
573;T;0.371;1.665;1854
574;A;0.487;0.418;1855
575;A;1.866;1.665;1856
576;T;0.855;1.189;1857
577;G;1.782;1.447;1858
578;G;0.884;0.74;1859
579;G;0.381;0.182;1860
580;T;0.917;0.941;1861
581;C;1.011;0.833;1862
582;A;0.731;1.269;1863
583;G;0.797;0.436;1864
584;C;0.735;1.089;1865
;;-1;;1866
;;-1;;1867
;;-1;;1868
;;-1;;1869
;;-1;;1870
;;-1;;1871
;;-1;;1872
;;-1;;1873
585;G;0.668;-0.121;
586;A;1.855;1.626;
587;C;0.9;0.925;
588;T;0.953;0.084;
589;T;0.32;-0.015;1874
590;A;0.249;0.016;1875
591;T;0.008;-0.003;1876
592;A;0.193;0.283;1877
593;T;-0.145;0.125;1878
594;T;0.041;-0.157;1879
595;C;-0.159;0.029;1880
596;T;-0.044;0.159;
597;G;-0.275;0.004;
598;T;-0.259;-0.053;
599;A;-0.225;-0.211;
600;G;0.599;-0.421;
601;C;0.575;-0.435;
602;A;-0.398;-0.509;
603;A;0.291;-0.389;
604;G;0.554;-0.489;
605;G;-0.524;-0.567;
606;T;-0.41;-0.473;
607;T;-0.141;-0.475;
608;A;-0.146;-0.397;
609;A;-0.198;-0.481;
610;C;-0.37;-0.453;
611;C;-0.477;-0.415;
612;G;-0.767;-0.359;
613;A;-0.778;-0.526;
614;A;-0.512;-0.561;
615;T;-0.643;-0.5;
616;A;-0.419;-0.522;
617;G;-0.52;-0.438;
618;G;-0.499;-0.452;
619;G;-0.146;-0.433;
620;G;-0.658;-0.474;
621;A;-0.143;-0.446;
622;G;-0.094;-0.527;
623;C;-0.384;-0.528;
624;C;0.477;-0.504;
625;G;-0.053;-0.531;
626;A;-0.681;-0.541;
627;A;0.428;-0.433;
628;G;-0.155;-0.566;
629;G;-0.561;-0.573;
630;G;0.321;-0.579;
631;A;0.557;-0.461;
632;A;0.568;-0.401;
633;A;0.141;-0.472;
634;C;-0.194;-0.591;
635;C;-0.159;-0.589;
636;G;0.111;-0.417;
637;A;-0.34;-0.315;
638;G;-0.135;-0.388;
639;T;-0.222;-0.359;
640;C;-0.551;-0.388;
641;T;-0.333;-0.347;
642;T;-0.6;-0.337;
643;A;-0.257;-0.3;
644;A;-0.185;-0.286;
645;C;-0.68;-0.318;
646;T;-0.359;-0.248;
647;G;-0.201;-0.315;
648;G;-0.55;-0.372;
649;G;-0.219;-0.393;
650;C;-0.18;-0.367;
651;G;-0.491;-0.355;
652;T;-0.738;-0.303;
653;T;-0.743;-0.444;
654;A;-0.651;-0.438;
655;A;0.148;-0.332;
656;G;0.617;-0.415;
657;T;0.053;-0.372;
658;T;-0.238;-0.312;
659;G;-0.266;-0.103;
660;C;-0.297;-0.245;
661;A;-0.049;-0.338;
;;-1;;1881
;;-1;;1882
;;-1;;1883
;;-1;;1884
;;-1;;1885
;;-1;;1886
;;-1;;1887
;;-1;;1888
;;-1;;1889
;;-1;;1890
;;-1;;1891
;;-1;;1892
;;-1;;1893
662;G;-0.041;0.118;1894
663;G;0.012;-0.1;1895
664;G;-0.002;0.135;1896
665;T;0.283;0.173;1897
666;A;0.009;-0.064;1898
667;T;0.111;-0.191;1899
668;A;0.216;-0.047;1900
669;G;0.664;-0.251;1901
670;A;0.901;0.249;1902
671;C;1.836;1.554;1903
672;C;1.291;1.292;1904
673;C;1.698;1.607;1905
674;G;1.833;1.605;1906
675;A;1.949;1.855;1907
676;A;1.862;1.82;1908
677;A;0.877;1.202;1909
678;C;0.858;0.897;1910
679;C;0.427;0.735;1911
680;C;0.177;0.684;1912
681;G;0.867;0.665;1913
682;G;1.045;0.554;1914
683;T;1.052;0.508;1915
684;G;1.873;1.646;1916
685;A;1.857;1.619;1917
686;T;0.322;1.044;1918
687;C;1.717;1.342;1919
688;T;1.837;1.564;1920
689;A;1.735;1.349;1921
690;G;0.175;0.458;1922
691;C;0.292;0.554;1923
692;C;1.079;0.655;1924
693;A;0.502;0.301;1925
694;T;0.793;0.06;1926
695;G;1.115;0.479;1927
696;G;0.538;0.445;1928
697;G;0.137;0.289;1929
698;C;1.11;0.954;1930
699;A;1.256;0.737;1931
700;G;1.096;0.425;1932
701;G;0.514;-0.228;1933
702;T;-0.135;-0.047;1934
703;T;0.549;-0.305;1935
704;G;0.397;-0.416;
705;A;0.6;-0.344;
706;A;0.508;-0.399;
707;G;0.31;-0.574;
708;G;-0.465;-0.386;
709;T;-0.654;-0.395;
710;T;-0.751;-0.434;
711;G;-0.379;-0.43;
712;G;-0.267;-0.449;
713;G;0.078;-0.399;
714;T;0.289;-0.202;
715;A;0.805;-0.084;
716;A;0.936;-0.089;
717;C;-0.069;-0.51;
718;A;-0.364;-0.338;
719;C;-0.327;-0.451;
720;T;-0.427;-0.441;
721;A;-0.659;-0.422;
722;A;-0.651;-0.415;
723;C;-0.491;-0.364;
724;T;0.496;-0.534;
725;G;0.451;-0.344;
726;G;0.417;-0.405;
727;A;0.581;-0.301;
728;G;0.332;-0.319;
;;-1;;1936
;;-1;;1937
;;-1;;1938
729;G;1.494;0.73;1939
730;A;-0.109;0.103;1940
731;C;0.265;-0.285;1941
732;C;1.076;0.372;1942
733;G;0.679;-0.472;1943
734;A;0.577;0.589;1944
735;A;1.386;1.101;1945
736;C;0.667;0.833;1946
737;C;0.803;0.376;1947
738;G;0.376;0.76;1948
739;A;-0.284;-0.501;1949
740;C;0.123;0.283;1950
741;T;0.044;0.503;1951
742;A;0.196;0.81;1952
743;A;0.207;0.437;1953
744;T;0.43;1.601;1954
745;G;1.013;1.964;1955
746;T;0.965;2;1956
747;T;0.924;0.453;1957
748;G;1.659;1.529;1958
749;A;0.848;1.32;1959
750;A;1.787;1.884;1960
751;A;1.66;1.523;1961
752;A;1.51;1.288;1962
753;A;0.454;1.601;1963
754;T;0.266;0.429;1964
755;T;-0.029;0.784;1965
756;A;0.012;0.43;1966
757;G;0.73;1.079;1967
758;C;0.455;0.802;1968
759;G;0.918;0.451;1969
760;G;0.684;0.968;1970
761;A;0.643;0.83;1971
762;T;0.533;0.875;1972
763;G;1.143;1.035;1973
764;A;1.864;1.67;1974
765;C;0.216;0.089;1975
766;T;0.523;0.455;1976
767;T;1.318;0.75;1977
768;G;0.783;0.024;1978
769;T;0.44;0.461;1979
770;G;1.138;0.429;1980
771;G;0.327;0.567;1981
772;C;0.149;0.476;1982
773;T;1.776;1.47;1983
774;G;1.419;1.411;1984
775;G;1.804;1.624;1985
776;G;0.62;0.615;1986
777;G;1.208;0.676;1987
778;G;1.626;1.375;1988
779;T;0.733;1.325;1989
780;G;1.707;1.515;1990
781;A;1.972;1.92;1991
782;A;1.378;0.694;1992
783;A;2;2;1993
784;G;0.498;0.092;1994
785;G;0.545;0.845;1995
786;C;1.699;1.354;1996
787;C;0.896;0.842;1997
788;A;0.984;0.668;1998
789;A;1.524;1.242;1999
790;T;0.809;0.282;2000
791;C;1.798;1.53;2001
792;A;0.929;0.86;2002
793;A;1.474;0.764;2003
794;A;1.029;0.56;2004
795;C;1.266;0.993;2005
796;C;0.816;0.642;2006
797;G;0.124;0.715;2007
798;G;0.362;0.773;2008
799;G;0.754;0.901;2009
800;A;0.672;0.608;2010
801;G;0.769;0.999;2011
802;A;0.57;1.606;2012
803;T;1.794;1.76;2013
804;A;1.895;1.802;2014
805;G;1.563;1.211;2015
806;C;1.838;1.635;2016
807;T;1.89;1.802;2017
808;G;1.502;1.317;2018
809;G;1.799;1.566;2019
810;T;1.549;1.594;2020
811;T;1.836;1.663;2021
812;C;0.45;0.114;2022
813;T;0.709;0.551;2023
814;C;1.056;0.766;2024
815;C;0.359;0.438;2025
816;C;0.283;0.419;2026
817;C;0.743;-0.038;2027
818;G;1.339;0.556;2028
819;A;1.71;1.27;2029
820;A;1.564;0.991;
821;A;0.847;0.802;2030
822;G;0.539;-0.207;2031
823;C;-0.017;0.344;2032
824;T;0.052;0.262;2033
825;A;0.322;1.023;2034
826;T;0.99;1.139;2035
827;T;0.472;-0.015;2036
828;T;0.83;0.53;2037
829;A;0.408;0.166;2038
830;G;0.619;0.617;2039
831;G;1.514;0.896;2040
832;T;0.317;0.99;2041
833;A;0.054;0.661;2042
834;G;0.286;0.308;2043
835;C;0.81;0.356;2044
;;-1;;2045
836;G;0.938;-0.024;2046
837;C;1.241;0.39;2047
838;C;-0.201;-0.29;2048
839;T;0.341;0.274;2049
840;C;-0.047;0.141;2050
841;G;0.074;0.113;2051
842;T;-0.048;-0.018;2052
843;G;-0.175;-0.078;2053
844;A;-0.117;-0.36;2054
;;-1;;2055
;;-1;;2056
;;-1;;2057
;;-1;;2058
;;-1;;2059
;;-1;;2060
;;-1;;2061
;;-1;;2062
;;-1;;2063
;;-1;;2064
;;-1;;2065
;;-1;;2066
;;-1;;2067
;;-1;;2068
;;-1;;2069
;;-1;;2070
;;-1;;2071
;;-1;;2072
;;-1;;2073
;;-1;;2074
;;-1;;2075
;;-1;;2076
;;-1;;2077
;;-1;;2078
;;-1;;2079
;;-1;;2080
;;-1;;2081
;;-1;;2082
;;-1;;2083
;;-1;;2084
845;A;-0.745;-0.935;
846;T;-0.857;-0.537;
847;T;-0.916;-0.563;
848;C;-0.958;-0.673;
849;A;-0.828;-0.559;
850;T;-0.88;-0.529;
851;C;-0.594;-0.666;
852;T;-0.582;-0.638;
853;C;-0.537;-0.596;
854;C;-0.739;-0.66;
855;G;-0.631;-0.667;
856;G;-0.166;-0.658;
857;G;-0.601;-0.583;
858;G;0.508;-0.398;
859;G;0.608;-0.406;
860;T;0.622;-0.407;
861;A;0.59;-0.451;
862;G;-0.221;-0.628;
863;A;0.528;-0.446;
864;G;0.554;-0.451;
865;C;0.38;-0.531;
866;A;0.395;-0.518;
867;C;-0.071;-0.503;
868;T;0.369;-0.532;
869;G;0.296;-0.61;
870;T;-0.409;-0.627;
871;T;-0.101;-0.438;
872;T;0.165;-0.524;
873;C;-0.702;-0.647;
874;G;0.127;-0.571;
875;G;-0.547;-0.633;
876;C;-0.666;-0.565;
877;A;-0.333;-0.49;
878;A;-0.586;-0.381;
879;G;-0.561;-0.436;
880;G;0.163;-0.419;
881;G;0.274;-0.412;
882;G;-0.348;-0.433;
883;G;-0.585;-0.413;
884;T;-0.789;-0.424;
885;C;-0.351;-0.395;
886;A;-0.721;-0.513;
887;T;-0.607;-0.457;
888;C;-0.641;-0.478;
889;C;-0.615;-0.52;
890;C;-0.668;-0.423;
891;G;-0.404;-0.358;
892;A;-0.843;-0.39;
893;C;-0.706;-0.411;
894;T;-0.705;-0.363;
895;T;0.248;-0.373;
896;A;-0.251;-0.274;
897;C;-0.006;-0.415;
898;C;-0.689;-0.433;
899;A;-0.289;-0.388;
900;A;-0.368;-0.459;
901;C;-0.594;-0.612;
902;C;-0.483;-0.614;
903;C;-0.616;-0.567;
904;G;-0.698;-0.639;
905;A;-0.268;-0.495;
906;T;-0.772;-0.528;
907;G;-0.55;-0.644;
908;C;0.058;-0.605;
909;A;0.434;-0.468;
910;A;0.558;-0.454;
911;A;0.456;-0.545;
912;C;0.528;-0.389;
913;T;0.552;-0.386;
914;G;-0.438;-0.541;
915;C;-0.49;-0.601;
916;G;-0.28;-0.572;
917;A;0.593;-0.376;
918;A;0.54;-0.368;
919;T;0.26;-0.444;
920;A;-0.463;-0.567;
921;C;-0.452;-0.646;
922;C;-0.699;-0.659;
923;G;-0.749;-0.632;
924;G;-0.53;-0.558;
925;A;-0.647;-0.612;
926;G;-0.629;-0.652;
927;A;-0.767;-0.246;
928;A;-0.721;-0.489;
929;T;-0.57;-0.542;
930;G;-0.854;-0.647;
931;T;-0.96;-0.619;
932;T;-0.889;-0.537;
933;A;-0.773;-0.51;
934;T;-0.19;-0.42;2085
935;C;-0.159;-0.143;2086
936;A;-0.004;0.065;2087
937;C;-0.031;0.092;2088
938;G;-0.038;0.163;2089
939;G;-0.04;0.268;2090
940;G;-0.143;-0.268;2091
941;A;1.12;0.347;
942;G;1.167;0.313;2092
943;A;0.781;0.141;2093
;;-1;;2094
;;-1;;2095
;;-1;;2096
944;C;0.07;0.319;
945;A;0.842;1.117;2097
946;C;0.763;0.104;2098
947;A;0.096;0.479;2099
948;C;0.868;0.37;2100
949;G;0.112;-0.019;2101
950;G;-0.054;0.435;2102
951;C;0.169;0.415;2103
952;G;0.148;0.193;2104
953;G;0.227;0.305;2105
954;G;0.356;0.575;2106
955;T;0.645;0.698;2107
956;G;1.761;1.496;2108
957;C;-0.66;-0.021;2109
958;T;0.965;0.535;2110
959;A;1.002;0.508;2111
960;A;1.795;1.496;2112
961;C;1.159;1.374;2113
962;G;0.504;0.579;2114
963;T;0.353;0.512;2115
964;C;0.227;0.371;2116
965;C;0.085;0.123;2117
966;G;0.249;0.421;2118
967;T;0.351;0.519;2119
968;C;0.092;0.244;2120
969;G;0.846;0.356;2121
970;T;0.137;0.441;2122
971;G;0.613;0.112;2123
972;A;-0.07;-0.821;2124
973;A;0.358;-0.474;
974;G;-0.183;-0.531;
;;-1;;2125
975;A;0.59;0.279;2126
976;G;0.099;-0.008;2127
977;G;1.462;0.808;2128
978;G;1.345;0.534;2129
979;A;0.689;0.785;2130
980;A;0.764;-0.138;2131
981;A;0.802;0.906;2132
982;C;0.555;0.503;2133
983;A;1.422;1.005;2134
984;A;0.485;0.196;2135
985;C;1.33;0.547;2136
986;C;1.439;0.733;2137
987;C;0.119;0.205;2138
988;A;0.31;-0.201;2139
989;G;0.117;-0.53;2140
990;A;0.606;0.209;2141
991;C;-0.029;-0.088;2142
992;C;0.374;-0.053;2143
993;G;0.071;0.101;2144
994;C;-0.076;0.027;2145
995;C;-0.479;0.026;2146
996;A;0.438;0.324;2147
997;G;0.795;0.239;2148
998;C;-0.076;-0.235;2149
999;T;1.453;0.782;2150
1000;A;1.437;1.083;2151
1001;A;1.145;0.969;2152
1002;G;0.659;-0.322;2153
1003;G;0.78;-0.394;
1004;T;0.171;-0.176;
1005;C;0.037;-0.593;
1006;C;0.407;-0.552;
1007;C;0.429;-0.651;
1008;A;-0.291;-0.494;
1009;A;0.322;-0.562;
1010;A;0.799;-0.448;
1011;G;-0.303;-0.691;
1012;T;-0.145;-0.83;
1013;C;-0.464;-0.705;
1014;A;-0.562;-0.797;
1015;T;-0.572;-0.783;
1016;G;-0.623;-0.855;
1017;G;0.006;-0.636;
1018;T;0.004;-0.855;
1019;T;0.321;-0.754;
1020;A;-0.277;-0.761;
1021;A;0.514;-0.515;
1022;G;-0.35;-0.568;
1023;T;-0.199;-0.448;
1024;G;-0.333;-0.562;
1025;G;-0.504;-0.514;
1026;G;-0.834;-0.486;
1027;A;0.142;-0.479;
1028;A;0.573;-0.382;
1029;A;0.558;-0.377;
1030;C;-0.431;-0.526;
1031;G;0.335;-0.534;
1032;A;-0.304;-0.57;
1033;T;-0.334;-0.554;
1034;G;0.391;-0.584;
1035;T;0.486;-0.541;
1036;G;-0.465;-0.641;
1037;G;-0.454;-0.569;
1038;G;-0.495;-0.619;
1039;A;-0.646;-0.603;
1040;A;-0.662;-0.62;
1041;G;-0.61;-0.591;
1042;G;-0.58;-0.626;
1043;C;-0.146;-0.572;
1044;C;-0.712;-0.637;
1045;C;-0.756;-0.517;
1046;A;0.072;-0.524;
1047;G;-0.052;-0.624;
1048;A;0.549;-0.476;
1049;C;0.456;-0.569;
1050;A;0.474;-0.596;
1051;G;-0.203;-0.851;
1052;C;0.213;-0.705;
1053;C;-0.58;-0.893;
1054;A;-0.229;-0.847;
1055;G;0.344;-0.81;
;;-1;;2154
;;-1;;2155
;;-1;;2156
;;-1;;2157
;;-1;;2158
;;-1;;2159
;;-1;;2160
;;-1;;2161
;;-1;;2162
;;-1;;2163
;;-1;;2164
;;-1;;2165
;;-1;;2166
1056;G;0.344;-0.174;2167
1057;A;0.359;0.065;2168
1058;T;0.292;0.308;2169
1059;G;1.544;1.013;2170
1060;T;1.801;1.526;2171
1061;T;0.414;0.268;2172
1062;G;0.973;1.12;2173
1063;G;0.74;1.382;2174
1064;C;1.666;1.333;2175
1065;T;0.44;0.749;2176
1066;T;1.532;1.214;2177
1067;A;0.731;0.432;2178
1068;G;0.956;0.621;2179
1069;A;1.58;1.288;2180
1070;A;1.627;1.373;2181
1071;G;1.551;0.931;2182
1072;C;1.011;1.096;2183
1073;A;0.795;1.094;2184
1074;G;1.693;1.376;2185
1075;C;0.681;1.313;2186
1076;C;0.732;1.055;2187
1077;A;1.709;1.379;2188
1078;T;0.765;0.491;2189
1079;C;1.501;0.965;2190
1080;A;0.439;0.376;2191
1081;T;0.361;0.42;2192
1082;T;0.402;0.156;2193
1083;T;0.397;0.352;2194
1084;A;1.284;0.184;2195
1085;A;1.32;0.883;2196
1086;A;-0.037;-0.624;
1087;G;1.343;0.872;2197
1088;A;1.812;1.559;2198
1089;A;0.631;0.506;2199
1090;A;0.757;0.573;2200
1091;G;1.547;1.027;2201
1092;C;0.956;1.01;2202
1093;G;1.703;1.304;2203
1094;T;1.828;1.582;2204
1095;A;0.909;0.471;2205
1096;A;1.488;0.87;2206
1097;T;0.415;0.622;2207
1098;A;1.738;1.453;2208
1099;G;0.994;1.04;2209
1100;C;1.54;1.011;2210
1101;T;1.483;1.025;2211
1102;C;1.32;0.859;2212
1103;A;1.396;0.545;2213
1104;C;0.374;-0.944;
1105;T;-0.182;-0.858;
1106;G;-0.532;-0.935;
1107;G;0.185;-0.731;
1108;T;-0.138;-0.835;
1109;C;-0.013;-0.659;
1110;G;-0.273;-0.619;
1111;A;0.455;-0.555;
1112;G;-0.126;-0.636;
1113;T;-0.435;-0.68;
1114;C;-0.465;-0.641;
1115;G;-0.632;-0.624;
1116;G;-0.701;-0.596;
1117;C;-0.512;-0.631;
1118;C;-0.495;-0.574;
1119;T;-0.545;-0.645;
1120;G;0.388;-0.637;
1121;C;0.347;-0.629;
1122;G;-0.345;-0.653;
1123;C;0.33;-0.555;
1124;G;-0.467;-0.565;
1125;G;0.17;-0.605;
1126;A;0.553;-0.445;
1127;A;0.049;-0.512;
1128;G;0.103;-0.454;
1129;A;0.589;-0.385;
1130;T;0.517;-0.379;
1131;G;0.022;-0.534;
1132;T;-0.525;-0.474;
1133;A;-0.03;-0.534;
1134;A;-0.715;-0.554;
1135;C;-0.25;-0.614;
1136;G;-0.111;-0.535;
1137;G;0.406;-0.498;
1138;G;-0.166;-0.53;
1139;G;-0.161;-0.631;
1140;C;0.375;-0.427;
1141;T;-0.107;-0.343;
1142;A;0.293;-0.399;
1143;A;0.528;-0.468;
1144;A;-0.139;-0.603;
1145;C;-0.27;-0.566;
1146;C;-0.754;-0.591;
1147;A;-0.793;-0.546;
1148;T;-0.81;-0.536;
1149;G;-0.77;-0.615;
1150;C;-0.602;-0.559;
1151;A;-0.15;-0.748;
1152;C;0.715;-0.553;
;;-1;;2214
;;-1;;2215
;;-1;;2216
;;-1;;2217
;;-1;;2218
;;-1;;2219
;;-1;;2220
;;-1;;2221
;;-1;;2222
;;-1;;2223
;;-1;;2224
;;-1;;2225
;;-1;;2226
;;-1;;2227
;;-1;;2228
;;-1;;2229
;;-1;;2230
;;-1;;2231
;;-1;;2232
;;-1;;2233
;;-1;;2234
;;-1;;2235
;;-1;;2236
;;-1;;2237
;;-1;;2238
;;-1;;2239
;;-1;;2240
;;-1;;2241
;;-1;;2242
;;-1;;2243
;;-1;;2244
;;-1;;2245
;;-1;;2246
;;-1;;2247
1153;C;0.76;-0.204;2248
1154;G;0.256;-0.588;2249
1155;A;1.386;0.635;2250
1156;A;0.237;-0.084;2251
1157;G;-0.082;-0.344;2252
1158;C;0.792;0.119;2253
1159;T;0.367;0.213;2254
1160;G;-0.113;0.007;2255
1161;C;0.05;0.01;2256
1162;G;0.279;-0.299;2257
1163;G;-0.022;-0.08;2258
1164;C;-0.715;-0.648;
1165;A;-0.794;-0.547;
1166;G;-0.486;-0.614;
1167;C;-0.786;-0.584;
1168;G;-0.8;-0.528;
1169;A;-0.925;-0.435;
1170;C;-0.967;-0.483;
1171;G;-0.954;-0.414;
1172;C;-0.845;-0.325;
1173;T;-0.871;-0.475;
1174;T;-0.754;-0.425;
1175;A;-0.815;-0.47;
1176;T;-0.799;-0.441;
1177;G;-0.789;-0.274;
1178;C;-0.954;-0.464;
1179;G;-0.957;-0.498;
1180;T;-0.906;-0.444;
1181;T;-0.809;-0.553;
1182;G;-0.782;-0.617;
1183;T;-0.53;-0.693;
1184;T;-0.676;-0.617;
1185;G;-0.695;-0.768;
;;-1;;2259
;;-1;;2260
;;-1;;2261
1186;G;0.138;-0.524;2262
1187;G;0.612;-0.453;2263
1188;T;1.414;0.725;2264
1189;A;1.673;1.291;2265
1190;G;0.708;-0.119;2266
1191;G;0.311;0.458;2267
1192;G;0.415;0.462;2268
1193;G;1.07;0.782;2269
1194;A;0.659;0.324;2270
1195;G;0.384;0.071;2271
1196;C;1.032;0.354;2272
1197;G;0.552;0.709;2273
1198;T;0.743;0.482;2274
1199;T;0.352;0.338;2275
1200;C;0.523;0.575;2276
1201;T;0.299;0.35;2277
1202;G;0.45;0.563;2278
1203;T;0.073;0.76;2279
1204;A;-0.369;-0.703;
1205;A;-0.815;-0.767;
1206;G;-0.726;-0.559;
1207;C;-0.668;-0.519;
1208;C;-0.557;-0.564;
1209;T;-0.653;-0.57;
1210;G;-0.629;-0.512;
1211;C;-0.691;-0.483;
1212;G;0.199;-0.446;
1213;A;0.419;-0.352;
1214;A;0.392;-0.482;
1215;G;0.247;-0.52;
1216;G;-0.611;-0.565;
1217;T;-0.713;-0.453;
1218;G;-0.746;-0.524;
1219;T;-0.704;-0.533;
1220;G;-0.716;-0.565;
1221;C;-0.748;-0.465;
1222;T;-0.374;-0.551;
1223;G;0.472;-0.716;
1224;T;-0.01;-0.189;
1225;G;0.141;-0.352;
1226;A;0.74;-0.263;
1227;G;-0.334;-0.576;
1228;G;-0.665;-0.487;
1229;C;-0.832;-0.509;
1230;A;-0.818;-0.537;
1231;T;-0.732;-0.548;
1232;G;-0.497;-0.539;
1233;C;-0.57;-0.565;
1234;T;0.357;-0.415;
1235;G;0.14;-0.504;
1236;G;0.207;-0.539;
1237;A;0.47;-0.443;
1238;G;-0.539;-0.547;
1239;G;-0.542;-0.525;
1240;T;-0.735;-0.492;
1241;A;-0.569;-0.833;
;;-1;;2280
;;-1;;2281
;;-1;;2282
;;-1;;2283
;;-1;;2284
;;-1;;2285
1242;T;-0.066;0.595;2286
1243;C;0.447;0.646;2287
1244;A;0.303;0.342;2288
1245;G;0.434;0.576;2289
1246;A;0.4;0.375;2290
1247;A;1.111;0.959;2291
1248;G;1.271;0.747;2292
1249;T;0.628;0.279;2293
1250;G;0.986;0.342;2294
1251;C;0.71;0.759;2295
1252;G;0.173;0.491;2296
1253;A;0.406;0.71;2297
1254;A;1.655;1.288;2298
1255;T;1.848;1.624;2299
1256;G;0.922;1.468;2300
1257;C;0.706;0.435;2301
1258;T;0.638;1.349;2302
1259;G;0.976;0.858;2303
1260;A;0.929;0.699;2304
1261;C;0.326;0.037;2305
1262;A;0.525;1.58;2306
1263;T;0.899;1.406;2307
1264;A;0.396;0.412;2308
1265;A;1.771;1.666;2309
1266;G;1.862;1.666;2310
1267;T;1.863;1.668;2311
1268;A;1.886;1.727;2312
1269;A;0.725;0.888;2313
1270;C;1.226;0.436;2314
1271;G;0.43;0.201;2315
1272;A;0.762;0.215;2316
1273;T;-0.295;0.253;2317
1274;A;0.417;0.548;2318
1275;A;1.152;0.445;2319
1276;A;-0.573;-0.623;
1277;G;-0.544;-0.853;
1278;C;-0.73;-0.702;
1279;G;-0.615;-0.544;
1280;G;-0.468;-0.552;
1281;G;-0.17;-0.465;
1282;T;0.082;-0.386;
1283;G;0.171;-0.928;
1284;A;0.368;-0.819;
1285;A;0.068;-0.655;
1286;A;0.551;-0.585;
1287;A;0.126;-0.867;
1288;G;-0.671;-0.415;
1289;C;-0.164;-0.458;
1290;C;-0.464;-0.565;
1291;C;-0.644;-0.547;
1292;G;-0.728;-0.683;
1293;C;-0.541;-0.825;
1294;T;-0.587;-0.64;
;;-1;;2320
;;-1;;2321
;;-1;;2322
;;-1;;2323
1295;C;0.128;0.122;2324
1296;G;-0.213;-0.393;2325
1297;C;1.143;0.465;2326
1298;C;0.472;-0.175;2327
1299;G;0.361;-0.603;2328
1300;G;-0.146;-0.673;2329
1301;A;0.524;-0.512;
1302;A;-0.075;-0.556;
1303;G;0.685;0.296;
1304;A;-0.066;0.256;
1305;C;0.002;-0.206;
1306;C;0.032;-0.124;
1307;A;0.949;0.291;
1308;A;1.235;0.333;
1309;G;0.971;0.311;
1310;G;0.615;-0.342;
1311;G;0.249;-0.4;
1312;T;1.372;0.596;
1313;T;0.733;0.02;
1314;C;0.186;-0.44;
1315;C;0.698;-0.293;
1316;T;-0.183;-0.377;
1317;G;-0.463;-0.266;
1318;T;-0.178;-0.428;
1319;C;-0.393;-0.481;
1320;C;-0.352;-0.683;
1321;A;-0.028;-0.556;
1322;A;0.356;-0.791;
1323;C;-0.345;-0.633;
1324;G;0.412;-0.309;
1325;T;-0.53;-0.593;
1326;T;0.247;-0.521;
1327;A;-0.075;-0.464;
1328;A;0.029;-0.197;
1329;T;0.424;-0.677;
1330;C;0.315;-0.493;
1331;G;-0.377;-0.589;
1332;G;-0.589;-0.78;
1333;G;-0.293;-0.594;
1334;G;-0.061;-0.412;
1335;C;-0.48;-0.179;
1336;A;-0.248;-0.372;
1337;G;0.785;-0.152;
1338;G;0.228;-0.565;
1339;G;0.513;-0.436;
1340;T;0.627;-0.504;
1341;G;0.236;0.111;
1342;A;0.706;0.18;
1343;G;0.488;0.346;
1344;T;0.254;0.037;
1345;C;1.459;0.763;
1346;G;0.717;0.16;
1347;A;0.548;--;
1348;C;-0.81;-0.835;
1349;C;-0.645;-0.48;
1350;C;0.29;-0.519;
1351;C;0.504;-0.427;
1352;T;0.606;-0.343;
1353;A;0.412;-0.395;
1354;A;0.582;-0.319;
1355;G;0.306;-0.552;
1356;G;-0.736;-0.633;
1357;C;-0.608;-0.623;
1358;G;-0.693;-0.531;
1359;A;-0.402;-0.551;
1360;G;-0.403;-0.602;
1361;G;-0.64;-0.564;
1362;C;-0.4;-0.611;
1363;C;-0.742;-0.653;
1364;G;-0.525;-0.61;
1365;A;-0.146;-0.548;
1366;A;-0.659;-0.524;
1367;A;-0.465;-0.533;
1368;G;-0.743;-0.617;
1369;G;-0.408;-0.6;
1370;C;-0.713;-0.562;
1371;G;-0.41;-0.49;
1372;T;-0.38;-0.517;
1373;A;-0.488;-0.51;
1374;G;-0.448;-0.608;
1375;T;-0.637;-0.63;
1376;C;0.08;-0.58;
1377;G;0.355;-0.428;
1378;A;0.61;-0.317;
1379;T;-0.197;-0.424;
1380;G;0.509;-0.426;
1381;G;0.331;-0.535;
1382;G;-0.403;-0.471;
1383;A;-0.317;-0.569;
1384;A;0.183;-0.55;
1385;A;-0.546;-0.373;
1386;C;-0.155;-0.351;
1387;A;-0.699;-0.329;
1388;G;0.269;-0.313;
1389;G;0.311;-0.291;
1390;T;0.24;-0.238;
1391;T;0.014;-0.244;
1392;A;-0.361;-0.254;
1393;A;0.298;-0.243;
1394;T;-0.403;-0.2;
1395;A;0.447;-0.196;
1396;T;0.331;-0.206;
1397;T;0.251;-0.174;
1398;C;0.262;-0.371;
1399;C;0.227;-0.374;
1400;T;-0.698;-0.405;
1401;G;-0.173;-0.375;
1402;T;-0.513;-0.346;
1403;A;-0.014;-0.349;
1404;C;0.096;-0.368;
1405;T;-0.357;-0.315;
1406;T;-0.813;-0.291;
1407;G;-0.791;-0.272;
1408;G;-0.778;-0.258;
1409;T;-0.771;-0.249;
1410;G;-0.849;-0.243;
1411;T;-0.667;-0.258;
1412;T;-0.803;-0.261;
1413;A;-0.718;-0.249;
1414;C;-0.893;-0.206;
1415;T;-0.782;-0.216;
1416;G;-0.757;-0.206;
1417;C;-0.84;-0.199;
1418;G;-0.762;-0.108;
1419;A;-0.687;-0.175;
1420;A;-0.835;-0.291;
1421;G;-0.71;-0.319;
1422;G;-0.726;-0.329;
1423;G;-0.609;-0.34;
1424;G;-0.353;-0.354;
1425;G;-0.731;-0.312;
1426;G;0.151;-0.359;
1427;A;0.386;-0.347;
1428;C;0.212;-0.368;
1429;G;0.105;-0.385;
1430;G;-0.752;-0.36;
1431;A;-0.439;-0.393;
1432;G;-0.381;-0.422;
1433;A;-0.779;-0.207;
1434;A;-0.692;-0.199;
1435;G;-0.406;-0.189;
1436;G;-0.218;-0.196;
1437;C;-0.849;-0.174;
1438;T;-0.554;-0.159;
1439;A;-0.46;-0.139;
1440;T;-0.869;-0.139;
1441;G;-0.791;-0.119;
1442;T;-0.8;-0.112;
1443;T;-0.747;-0.122;
1444;G;-0.582;-0.122;
1445;G;-0.628;-0.162;
1446;C;-0.641;-0.155;
1447;C;-0.828;-0.155;
1448;G;-0.817;-0.145;
1449;G;-0.317;-0.135;
1450;G;-0.857;-0.159;
1451;C;-0.783;-0.142;
1452;G;-0.845;-0.157;
1453;A;-0.734;-0.149;
1454;C;-0.566;-0.167;
1455;G;-0.417;-0.155;
1456;G;-0.358;-0.147;
1457;T;-0.436;-0.129;
1458;T;-0.748;-0.119;
1459;G;-0.642;-0.119;
1460;T;-0.399;-0.108;
1461;C;-0.837;-0.142;
1462;C;-0.339;-0.135;
1463;C;-0.806;-0.172;
1464;G;-0.769;-0.184;
1465;G;-0.55;-0.186;
1466;T;-0.548;-0.204;
1467;T;-0.775;-0.149;
1468;T;-0.93;-0.149;
1469;A;-0.001;-0.129;
1470;A;-0.422;-0.119;
1471;G;-0.679;-0.092;
1472;C;-0.765;-0.092;
1473;G;-0.77;-0.075;
1474;T;-0.834;-0.102;
1475;G;-0.838;-0.102;
1476;T;-0.712;-0.08;
1477;A;-0.514;-0.092;
1478;G;-0.513;-0.102;
1479;G;-0.774;-0.092;
1480;C;-0.866;-0.102;
1481;T;-0.832;-0.102;
1482;G;-0.901;-0.102;
1483;G;-0.717;-0.095;
1484;T;-0.812;-0.082;
1485;T;-0.684;-0.082;
1486;T;-0.676;-0.075;
1487;T;-0.762;-0.075;
1488;C;-0.864;-0.065;
1489;C;-0.76;-0.082;
1490;A;-0.603;-0.082;
1491;G;-0.572;-0.075;
1492;G;-0.333;-0.075;
1493;C;-0.835;-0.082;
1494;A;-0.492;-0.075;
1495;A;-0.66;-0.075;
1496;A;-0.089;-0.082;
1497;T;-0.678;-0.075;
1498;C;-0.415;-0.082;
1499;C;-0.58;-0.082;
1500;G;-0.655;-0.082;
1501;G;-0.726;-0.082;
1502;A;-0.831;-0.075;
1503;A;-0.851;-0.075;
1504;A;-0.863;-0.082;
1505;A;-0.927;-0.082;
1506;T;-0.882;-0.065;
1507;C;-0.953;-0.082;
1508;A;-0.866;-0.082;
1509;A;-0.91;-0.075;
1510;G;-0.918;-0.055;
1511;G;-0.87;-0.055;
1512;C;-0.741;-0.047;
1513;T;-0.851;-0.027;
1514;G;-0.551;-0.027;
1515;A;-0.439;-0.027;
1516;G;-0.308;-0.027;
1517;G;-0.811;-0.027;
1518;C;-0.739;-0.027;
1519;G;-0.743;-0.027;
1520;T;-0.629;-0.027;
1521;G;-0.196;-0.027;
1522;A;-0.548;-0.027;
1523;T;-0.774;-0.027;
1524;G;-0.788;-0.027;
1525;A;-0.754;-0.027;
1526;C;-0.762;-0.027;
1527;G;-0.708;-0.027;
1528;A;-0.743;-0.027;
1529;G;-0.98;-0.027;
1530;G;-0.914;-0.047;
1531;C;-0.884;-0.047;
1532;A;-0.911;-0.055;
1533;C;-0.879;-0.055;
1534;T;-0.821;-0.047;
1535;A;-0.633;-0.055;
1536;C;-0.733;-0.047;
1537;G;-0.917;-0.055;
1538;G;-0.852;-0.055;
1539;T;-0.88;-0.055;
1540;G;-0.942;-0.055;
1541;C;-0.836;-0.047;
1542;T;-0.923;-0.055;
1543;G;-0.809;-0.055;
1544;A;-0.763;-0.055;
1545;A;-0.683;-0.055;
1546;G;-0.848;-0.055;
1547;C;-0.621;-0.075;
1548;A;-0.876;-0.075;
1549;A;-0.798;-0.102;
1550;C;-0.789;-0.095;
1551;A;-0.754;-0.102;
1552;A;-0.736;-0.092;
1553;A;-0.547;-0.075;
1554;T;-0.666;-0.112;
1555;G;-0.832;-0.108;
1556;C;-0.494;-0.139;
1557;C;-0.554;-0.122;
1558;C;-0.818;-0.075;
1559;T;-0.916;-0.169;
1560;G;-0.773;-0.187;
1561;C;-0.483;-0.371;
1562;T;-0.41;-0.345;
1563;T;-0.518;-0.316;
1564;C;-0.148;-0.353;
1565;C;0.34;-0.274;
1566;A;-0.514;-0.371;
1567;G;-0.553;-0.309;
1568;G;0.334;-0.321;
1569;A;0.459;-0.296;
1570;A;0.499;-0.257;
1571;A;0.48;-0.288;
1572;A;0.116;-0.328;
1573;G;-0.429;-0.381;
1574;C;-0.436;-0.384;
1575;C;-0.626;-0.366;
1576;T;-0.809;-0.349;
1577;C;-0.726;-0.342;
1578;T;-0.726;-0.308;
1579;A;-0.621;-0.102;
1580;A;-0.912;-0.102;
1581;G;-0.704;-0.149;
1582;C;-0.934;-0.139;
1583;A;-0.89;-0.213;
1584;T;-0.77;-0.202;
1585;C;-0.899;-0.246;
1586;A;-0.797;-0.229;
1587;G;-0.933;-0.182;
1588;G;-0.915;-0.199;
1589;T;-0.813;-0.249;
1590;A;-0.814;-0.296;
1591;A;-0.697;-0.252;
1592;C;-0.833;-0.332;
1593;A;-0.858;-0.325;
1594;T;-0.855;-0.308;
1595;C;-0.827;-0.333;
1596;A;-0.802;-0.329;
1597;A;-0.342;-0.372;
1598;A;-0.5;-0.56;
1599;T;0.545;-0.01;
1600;C;0.694;0.13;
1601;G;1.502;0.842;
1602;T;0.784;-0.259;
1603;A;0.601;-0.32;
1604;C;0.567;-0.418;
1605;C;0.112;-0.538;
1606;C;-0.669;-0.595;
1607;C;-0.279;0.177;
1608;A;0.49;0.607;
1609;A;1.076;0.396;
1610;A;0.482;-0.209;
1611;C;1.494;0.805;
1612;C;1.29;0.687;
1613;G;0.6;-0.367;
1614;A;0.809;0.874;
1615;C;0.853;0.862;
1616;A;0.53;0.275;
1617;C;1.533;0.95;
1618;A;1.096;0.255;
1619;G;1.292;0.64;
1620;G;1.501;0.807;
1621;T;0.696;-0.188;
1622;G;0.108;-0.013;
1623;G;0.048;-0.208;
1624;T;-0.054;0.247;
1625;C;0.618;0.16;
1626;A;-0.588;-0.728;
1627;G;-0.357;-0.516;
1628;G;0.417;-0.509;
1629;T;-0.541;-0.462;
1630;A;-0.485;-0.519;
1631;G;0.231;-0.775;
1632;A;0.723;-0.396;
1633;G;0.056;-0.672;
1634;A;-0.093;-0.448;
1635;A;0.668;-0.46;
1636;T;-0.369;-0.54;
1637;A;-0.525;-0.447;
1638;C;0.3;-0.552;
1639;C;-0.338;-0.593;
;;-1;;2330
;;-1;;2331
;;-1;;2332
;;-1;;2333
;;-1;;2334
;;-1;;2335
;;-1;;2336
;;-1;;2337
;;-1;;2338
;;-1;;2339
;;-1;;2340
;;-1;;2341
;;-1;;2342
;;-1;;2343
;;-1;;2344
;;-1;;2345
;;-1;;2346
;;-1;;2347
;;-1;;2348
;;-1;;2349
;;-1;;2350
;;-1;;2351
;;-1;;2352
;;-1;;2353
;;-1;;2354
;;-1;;2355
;;-1;;2356
;;-1;;2357
;;-1;;2358
;;-1;;2359
;;-1;;2360
;;-1;;2361
;;-1;;2362
;;-1;;2363
;;-1;;2364
;;-1;;2365
;;-1;;2366
;;-1;;2367
;;-1;;2368
;;-1;;2369
;;-1;;2370
;;-1;;2371
;;-1;;2372
;;-1;;2373
;;-1;;2374
;;-1;;2375
;;-1;;2376
;;-1;;2377
;;-1;;2378
;;-1;;2379
;;-1;;2380
;;-1;;2381
;;-1;;2382
;;-1;;2383
;;-1;;2384
;;-1;;2385
;;-1;;2386
;;-1;;2387
;;-1;;2388
;;-1;;2389
;;-1;;2390
;;-1;;2391
;;-1;;2392
;;-1;;2393
;;-1;;2394
;;-1;;2395
;;-1;;2396
;;-1;;2397
;;-1;;2398
;;-1;;2399
;;-1;;2400
;;-1;;2401
;;-1;;2402
;;-1;;2403
;;-1;;2404
;;-1;;2405
;;-1;;2406
;;-1;;2407
;;-1;;2408
;;-1;;2409
;;-1;;2410
;;-1;;2411
;;-1;;2412
;;-1;;2413
;;-1;;2414
;;-1;;2415
;;-1;;2416
;;-1;;2417
;;-1;;2418
;;-1;;2419
;;-1;;2420
;;-1;;2421
;;-1;;2422
;;-1;;2423
;;-1;;2424
;;-1;;2425
;;-1;;2426
;;-1;;2427
;;-1;;2428
;;-1;;2429
;;-1;;2430
;;-1;;2431
;;-1;;2432
;;-1;;2433
;;-1;;2434
;;-1;;2435
;;-1;;2436
;;-1;;2437
;;-1;;2438
;;-1;;2439
;;-1;;2440
;;-1;;2441
;;-1;;2442
;;-1;;2443
;;-1;;2444
1640;A;-0.284;-0.415;2445
1641;A;-0.185;-0.528;2446
1642;G;0.537;-0.368;2447
1643;G;1.053;0.264;2448
1644;C;-0.093;-0.207;2449
1645;G;0.073;0.212;2450
1646;C;-0.387;-0.001;2451
1647;T;-0.609;-0.582;
1648;T;0.002;0.077;2452
1649;G;0.989;0.761;2453
1650;A;0.7;0.563;2454
1651;G;0.159;-0.057;2455
1652;A;0.549;0.492;2456
1653;G;-0.08;0.232;2457
1654;A;1.736;1.51;2458
1655;A;1.572;1.196;2459
1656;C;0.233;0.535;2460
1657;T;0.278;0.09;2461
1658;C;0.184;0.466;2462
1659;G;0.416;0.495;2463
1660;G;0.356;0.314;2464
1661;G;0.255;0.092;2465
1662;T;0.263;0.427;2466
1663;G;0.257;0.48;2467
1664;A;1.796;1.516;2468
1665;A;1.13;1.632;2469
1666;G;1.775;1.507;2470
1667;G;1.81;1.571;2471
1668;A;1.796;1.542;2472
1669;A;1.822;1.588;2473
1670;C;0.84;1.207;2474
1671;T;1.813;1.554;2475
1672;A;1.286;1.03;
1673;G;1.442;1.481;
1674;G;1.783;1.525;
1675;C;1.844;1.61;
1676;A;1.807;1.61;
1677;A;1.835;1.61;
1678;A;1.339;1.228;
1679;A;-0.363;-0.559;
1680;T;0.302;-0.39;
1681;G;-0.291;-0.63;
1682;G;-0.403;-0.556;
1683;T;-0.437;-0.481;
1684;G;-0.53;-0.475;
1685;C;0.191;-0.498;
1686;C;0.276;-0.503;
1687;G;0.47;-0.494;
1688;T;0.535;-0.403;
1689;A;0.555;-0.386;
1690;A;0.147;-0.437;
1691;C;0.28;-0.504;
1692;T;0.417;-0.376;
1693;T;0.565;-0.361;
1694;C;0.189;-0.523;
1695;G;0.573;-0.343;
1696;G;0.333;-0.48;
1697;G;-0.162;-0.513;
1698;A;0.556;-0.368;
1699;G;-0.487;-0.614;
1700;A;0.601;-0.318;
1701;A;0.578;-0.318;
1702;G;0.39;-0.457;
1703;G;0.217;-0.475;
1704;C;-0.525;-0.481;
1705;A;-0.428;-0.484;
1706;C;-0.372;-0.572;
1707;G;0.061;-0.438;
1708;C;-0.141;-0.433;
1709;T;-0.093;-0.461;
1710;G;-0.58;-0.452;
1711;A;-0.849;-0.398;
1712;T;-0.777;-0.357;
1713;A;-0.847;-0.28;
1714;T;-0.832;-0.235;
1715;G;-0.815;-0.172;
1716;T;-0.816;-0.235;
1717;A;-0.823;-0.248;
1718;G;-0.708;-0.233;
1719;G;-0.623;-0.092;
1720;T;-0.58;-0.075;
1721;G;-0.596;-0.027;
1722;A;-0.592;-0.027;
1723;G;-0.597;-0.055;
1724;G;-0.745;-0.055;
1725;T;-0.733;-0.055;
1726;C;-0.801;-0.075;
1727;C;-0.886;-0.082;
1728;C;-0.901;-0.382;
1729;T;-0.906;-0.335;
1730;C;-0.837;-0.231;
1731;G;-0.792;-0.253;
1732;C;-0.689;-0.201;
1733;G;-0.86;-0.082;
1734;G;-0.806;-0.092;
1735;A;-0.771;-0.065;
1736;T;-0.832;-0.075;
1737;G;-0.733;-0.075;
1738;G;-0.509;-0.075;
1739;A;-0.633;-0.075;
1740;G;-0.645;-0.139;
1741;C;-0.809;-0.219;
1742;T;-0.822;-0.205;
1743;G;-0.811;-0.242;
1744;A;-0.871;-0.216;
1745;A;-0.943;-0.252;
1746;A;-0.656;-0.354;
1747;T;-0.8;-0.408;
1748;C;-0.592;-0.441;
1749;A;-0.244;-0.461;
1750;G;-0.192;-0.433;
1751;T;-0.181;-0.482;
1752;C;-0.555;-0.555;
1753;G;-0.099;-0.59;
1754;A;-0.272;-0.46;
1755;A;0.164;-0.446;
1756;G;-0.503;-0.623;
1757;A;-0.701;-0.527;
1758;T;-0.224;-0.535;
1759;A;0.151;-0.371;
1760;C;-0.248;-0.478;
1761;C;-0.725;-0.746;
;;-1;;2476
;;-1;;2477
;;-1;;2478
;;-1;;2479
;;-1;;2480
;;-1;;2481
1762;A;0.387;-0.108;2482
1763;G;0.546;-0.02;2483
1764;C;0.313;0.101;2484
1765;T;0.06;0.404;2485
1766;G;0.146;0.568;2486
1767;G;0.174;0.47;2487
1768;C;0.168;0.281;2488
1769;T;0.036;0.606;2489
1770;G;0.37;0.289;2490
1771;C;1.425;1.503;2491
1772;A;1.331;1.299;2492
1773;A;1.187;0.925;2493
1774;C;1.81;1.583;2494
1775;T;1.879;1.73;2495
1776;G;1.966;1.915;2496
1777;T;1.93;1.932;2497
1778;T;1.63;2;2498
1779;T;1.987;1.966;2499
1780;A;1.932;1.832;2500
1781;T;0.219;0.838;2501
1782;T;1.021;1.312;2502
1783;A;1.276;1.781;2503
1784;A;1.855;1.906;2504
1785;A;1.855;1.966;2505
1786;A;1.809;1.538;2506
1787;A;1.809;1.745;2507
1788;C;1.966;1.915;2508
1789;A;1.786;1.595;2509
1790;C;0.522;1.203;2510
1791;A;0.979;0.419;2511
1792;G;1.116;0.407;2512
1793;C;0.911;1.192;2513
1794;A;0.202;0.623;2514
1795;C;0.708;0.902;2515
1796;T;0.831;0.6;2516
1797;G;0.22;0.194;2517
1798;T;0.32;0.359;2518
1799;G;1.633;1.272;2519
1800;C;0.698;0.564;2520
1801;A;-0.62;-0.571;2521
1802;A;0.003;-0.406;
1803;A;-0.164;-0.463;
1804;C;-0.758;-0.659;
1805;A;-0.633;-0.576;
1806;C;-0.317;-0.577;
1807;G;0.086;-0.303;
1808;A;0.064;-0.253;
1809;A;0.648;0.146;
1810;A;0.375;-0.166;
1811;G;-0.308;-0.614;
1812;T;-0.66;-0.554;
1813;G;-0.778;-0.634;
1814;G;-0.582;-0.569;
1815;A;-0.314;-0.472;
;;-1;;2522
;;-1;;2523
;;-1;;2524
;;-1;;2525
;;-1;;2526
1816;C;-0.556;-0.552;2527
1817;G;0.377;0.436;2528
1818;T;0.63;0.784;2529
1819;A;1.4;0.924;2530
1820;T;0.93;1.372;2531
1821;A;0.272;0.373;2532
1822;C;0.191;0.209;2533
1823;G;0.863;0.766;2534
1824;G;0.678;0.942;2535
1825;T;0.422;0.651;2536
1826;G;0.87;1.18;2537
1827;T;1.383;1.005;2538
1828;G;0.806;0.12;2539
1829;A;0.971;0.488;2540
1830;C;0.415;0.258;2541
1831;G;0.667;0.834;2542
1832;C;1.179;1.319;2543
1833;C;1.804;1.623;2544
1834;T;1.913;1.819;2545
1835;G;1.861;1.7;2546
1836;C;1.678;1.675;2547
1837;C;1.594;1.32;2548
1838;C;1.877;1.709;2549
1839;G;0.851;0.764;2550
1840;G;1.279;0.844;2551
1841;T;1.85;1.644;2552
1842;G;1.861;1.7;2553
1843;C;0.727;0.779;2554
1844;C;0.441;0.254;2555
;;-1;;2556
;;-1;;2557
;;-1;;2558
;;-1;;2559
1845;G;-0.439;-0.622;
1846;G;0.196;-0.592;
1847;A;0.055;-0.559;
1848;A;0.228;-0.431;
1849;G;-0.415;-0.543;
1850;G;0.162;-0.544;
1851;T;0.337;-0.557;
1852;T;-0.491;-0.596;
1853;A;0.439;-0.42;
1854;A;0.38;-0.437;
1855;T;-0.789;-0.573;
1856;T;-0.823;-0.549;
1857;G;-0.57;-0.528;
1858;A;-0.631;-0.587;
1859;T;-0.634;-0.522;
1860;G;-0.573;-0.576;
1861;G;-0.765;-0.586;
1862;G;-0.373;-0.583;
1863;G;-0.655;-0.587;
1864;T;-0.527;-0.524;
1865;T;-0.691;-0.354;
1866;A;-0.321;-0.025;
1867;G;-0.649;-0.246;
1868;C;-0.725;-0.209;
1869;G;-0.019;-0.124;
1870;C;0.203;0.068;
1871;A;0.135;-0.176;
1872;A;0.217;-0.39;
1873;G;-0.609;-0.261;
1874;C;-0.678;-0.25;
1875;G;-0.485;-0.043;
1876;A;-0.283;--;
1877;A;-0.338;-0.412;
1878;G;-0.543;-0.574;
1879;C;-0.637;-0.598;
1880;T;-0.657;-0.525;
1881;C;-0.835;-0.555;
1882;T;-0.808;-0.519;
1883;T;-0.838;-0.52;
1884;G;-0.622;-0.53;
1885;A;-0.223;-0.458;
1886;T;-0.649;-0.57;
1887;C;-0.43;-0.618;
1888;G;-0.409;-0.552;
1889;A;0.475;-0.333;
1890;A;0.411;-0.384;
1891;G;0.279;-0.543;
1892;C;0.147;-0.545;
1893;C;-0.413;-0.557;
1894;C;0.309;-0.527;
1895;C;-0.44;-0.617;
1896;G;0.548;0.239;2560
1897;G;0.735;0.859;2561
1898;T;1.761;1.544;2562
1899;A;0.359;0.115;2563
1900;A;1.871;1.7;2564
1901;A;1.884;1.731;2565
1902;C;1.246;0.848;2566
1903;G;1.574;1.289;2567
1904;G;1.663;1.631;2568
1905;C;1.817;1.597;2569
1906;G;0.743;0.619;2570
1907;G;1.848;1.644;2571
1908;C;0.72;1.359;2572
1909;C;0.184;0.523;2573
1910;G;1.573;1.182;2574
1911;T;1.822;1.709;2575
1912;A;1.872;1.722;2576
1913;A;0.742;0.503;2577
1914;C;0.414;-0.487;2578
1915;T;0.965;0.325;
1916;A;0.592;0.258;
;;-1;;2579
1917;T;1.796;1.527;2580
1918;A;0.863;0.89;2581
1919;A;1.862;1.709;2582
1920;C;1.576;1.164;2583
1921;G;0.26;0.601;2584
1922;G;0.735;1.381;2585
1923;T;1.797;1.579;2586
1924;C;0.739;0.618;2587
1925;C;1.137;1.623;2588
1926;T;0.869;0.782;2589
1927;A;1.82;1.702;2590
1928;A;1.918;1.831;2591
1929;G;1.831;1.658;2592
1930;G;1.963;1.969;2593
1931;T;1.963;1.937;2594
1932;A;1.947;1.969;2595
1933;G;1.95;1.906;2596
1934;C;1.949;1.905;2597
1935;G;0.552;0.906;2598
1936;A;0.783;0.546;2599
1937;A;1.937;1.884;2600
1938;A;1.804;1.773;2601
1939;T;1.924;1.822;2602
1940;T;0.235;0.93;2603
1941;C;1.096;1.438;2604
1942;C;1.018;0.551;2605
1943;T;1.963;1.912;2606
1944;T;1.072;1.446;2607
1945;G;1.92;1.89;2608
1946;T;1.305;1.107;2609
1947;C;1.348;0.946;2610
1948;G;0.141;0.428;2611
1949;G;0.265;0.387;2612
1950;G;0.237;0.368;2613
1951;T;1.837;1.844;2614
1952;A;1.786;1.744;2615
1953;A;1.987;2;2616
1954;G;0.373;0.755;2617
1955;T;1.987;1.969;2618
1956;T;0.458;0.458;2619
1957;C;0.259;0.371;2620
1958;C;0.143;0.417;2621
1959;G;1.724;1.496;2622
1960;A;1.235;0.988;2623
1961;C;1.826;1.676;2624
1962;C;0.517;0.731;2625
1963;T;0.572;0.638;2626
1964;G;1.937;1.931;2627
1965;C;0.955;0.96;2628
1966;A;1.85;1.726;2629
1967;C;1.003;1.6;2630
1968;G;1.852;1.707;2631
1969;A;1.952;2;2632
1970;A;1.881;1.753;2633
1971;T;0.899;1.008;2634
1972;G;1.828;1.704;2635
1973;G;1.686;1.4;2636
1974;C;0.587;0.744;2637
1975;G;0.346;0.138;2638
1976;T;0.442;0.316;2639
1977;A;1.017;0.35;2640
1978;A;1.907;1.87;2641
1979;T;1.323;1.343;2642
1980;G;1.705;1.637;2643
1981;A;1.57;1.325;2644
1982;T;0.439;0.694;2645
1983;G;0.043;0.67;2646
1984;G;0.632;0.486;2647
1985;C;0.167;0.433;2648
1986;C;0.175;0.628;2649
1987;A;0.103;0.642;2650
1988;G;0.325;0.477;2651
1989;G;0.978;0.982;2652
1990;C;1.798;1.594;2653
1991;T;1.857;1.691;2654
1992;G;1.772;1.495;2655
1993;T;1.867;1.733;2656
1994;C;1.752;1.471;2657
1995;T;1.159;1.717;2658
1996;C;1.671;1.454;2659
1997;C;0.078;0.501;2660
1998;A;0.267;0.52;2661
1999;C;0.175;0.159;2662
2000;C;0.318;0.373;2663
2001;C;0.359;0.432;2664
2002;G;0.185;0.446;2665
2003;A;0.21;0.127;2666
2004;G;0.186;0.128;2667
2005;A;0.699;0.64;2668
2006;C;0.173;0.139;2669
2007;T;0.774;0.739;2670
2008;C;0.926;0.689;2671
2009;A;0.405;0.518;2672
2010;G;1.275;0.656;2673
2011;T;0.881;1.242;2674
2012;G;1.685;1.327;2675
2013;A;1.894;1.764;2676
2014;A;1.884;1.796;2677
2015;A;1.13;1.273;2678
2016;T;1.02;1.495;2679
2017;T;0.638;1.739;2680
2018;G;0.636;0.944;2681
2019;A;0.525;1.156;2682
2020;A;0.446;0.432;2683
2021;C;-0.645;0.653;2684
2022;T;0.937;1.513;2685
2023;C;0.011;0.076;2686
2024;G;0.507;0.444;2687
2025;C;0.458;0.814;2688
2026;T;0.123;0.526;2689
2027;G;1.727;1.53;2690
2028;T;1.197;1.913;2691
2029;G;1.284;1.022;2692
2030;A;1.271;1.036;2693
2031;A;1.728;1.944;2694
2032;G;0.646;0.945;2695
2033;A;1.292;1.944;2696
2034;T;0.39;0.235;2697
2035;G;1.254;1.24;2698
2036;C;1.755;1.53;2699
2037;A;0.149;0.531;2700
2038;G;0.433;0.725;2701
2039;T;0.49;0.533;2702
2040;G;0.019;0.103;2703
2041;T;0.368;1.199;2704
2042;A;0.587;1.14;2705
2043;C;0.173;0.272;2706
2044;C;0.167;0.405;2707
2045;C;0.228;0.164;2708
2046;G;0.093;0.117;2709
2047;C;0.704;0.149;2710
2048;G;0.29;0.293;2711
2049;G;0.449;1.118;2712
2050;C;0.651;0.345;2713
2051;A;0.319;0.873;2714
2052;A;0.883;1.381;2715
2053;G;1.755;1.658;2716
2054;A;1.257;1.922;2717
2055;C;1.152;1.674;2718
2056;G;1.088;1.831;2719
2057;G;0.866;1.395;2720
2058;A;0.731;0.955;2721
2059;A;1.941;1.906;2722
2060;A;1.987;1.969;2723
2061;G;1.984;2;2724
2062;A;1.799;1.636;2725
2063;C;1.935;1.906;2726
2064;C;1.916;1.844;2727
2065;C;1.85;1.698;2728
2066;C;0.997;1.424;2729
2067;G;0.652;0.462;2730
2068;T;1.503;1.363;2731
2069;G;0.86;1.035;2732
2070;A;0.76;0.897;2733
2071;A;1.85;1.681;2734
2072;C;0.773;0.556;2735
2073;C;1.694;1.463;2736
2074;T;1.971;1.931;2737
2075;T;1.937;1.85;2738
2076;T;0.318;0.439;2739
2077;A;1.857;1.725;2740
2078;C;0.697;0.17;2741
2079;T;0.867;0.154;2742
2080;A;-0.019;0.277;2743
2081;T;0.463;0.385;2744
2082;A;0.899;0.096;2745
2083;G;-0.062;-0.45;2746
2084;C;0.297;-0.034;2747
2085;T;0.233;0.058;2748
2086;T;0.46;0.074;2749
2087;G;0.236;-0.054;2750
2088;A;0.008;-0.266;2751
2089;C;0.098;-0.163;2752
2090;A;0.336;-0.049;2753
;;-1;;2754
;;-1;;2755
;;-1;;2756
;;-1;;2757
;;-1;;2758
;;-1;;2759
;;-1;;2760
;;-1;;2761
;;-1;;2762
;;-1;;2763
;;-1;;2764
;;-1;;2765
;;-1;;2766
;;-1;;2767
;;-1;;2768
;;-1;;2769
;;-1;;2770
;;-1;;2771
;;-1;;2772
;;-1;;2773
;;-1;;2774
;;-1;;2775
;;-1;;2776
;;-1;;2777
;;-1;;2778
;;-1;;2779
;;-1;;2780
;;-1;;2781
;;-1;;2782
;;-1;;2783
;;-1;;2784
;;-1;;2785
;;-1;;2786
;;-1;;2787
;;-1;;2788
;;-1;;2789
;;-1;;2790
;;-1;;2791
;;-1;;2792
;;-1;;2793
2091;C;-0.217;-0.728;
2092;T;0.121;-0.509;
2093;G;0.33;-0.419;
2094;A;-0.766;-0.48;
2095;A;-0.755;-0.543;
2096;C;-0.766;-0.5;
2097;A;-0.714;-0.499;
2098;T;-0.741;-0.557;
2099;T;-0.823;-0.526;
2100;G;-0.165;-0.504;
2101;A;-0.451;-0.495;
2102;G;-0.77;-0.53;
2103;C;-0.709;-0.523;
2104;C;-0.598;-0.539;
2105;T;-0.817;-0.524;
2106;T;-0.712;-0.551;
2107;G;-0.815;-0.522;
2108;A;-0.715;-0.475;
2109;T;-0.224;-0.467;
2110;G;0.213;-0.52;
2111;T;-0.179;-0.445;
2112;G;-0.127;-0.54;
2113;T;-0.302;-0.425;
2114;A;0.432;-0.358;
2115;G;0.382;-0.403;
2116;G;-0.777;-0.532;
2117;A;-0.367;-0.465;
2118;T;0.331;-0.44;
2119;A;0.454;-0.299;
2120;G;-0.209;-0.534;
2121;G;0.101;-0.477;
2122;T;0.11;-0.493;
2123;G;0.052;-0.411;
2124;G;0.397;-0.379;
2125;G;0.059;-0.515;
2126;A;0.385;-0.361;
2127;G;0.283;-0.429;
2128;G;-0.742;-0.521;
2129;C;-0.258;-0.427;
2130;T;-0.762;-0.256;
2131;T;-0.755;-0.229;
2132;T;-0.812;-0.218;
2133;G;-0.233;-0.174;
2134;A;-0.198;-0.149;
2135;A;-0.548;-0.171;
2136;G;-0.817;-0.133;
2137;T;-0.869;-0.144;
2138;G;-0.961;-0.144;
2139;T;-0.934;-0.124;
2140;G;-0.891;-0.137;
2141;G;-0.949;-0.148;
2142;A;-0.979;-0.142;
2143;C;-0.508;-0.137;
2144;G;-0.566;-0.529;
2145;C;-0.533;-0.479;
2146;C;-0.485;-0.496;
2147;A;-0.489;-0.423;
2148;G;-0.161;-0.13;
2149;T;-0.867;-0.124;
2150;C;-0.94;-0.148;
2151;T;-0.928;-0.137;
2152;G;-0.995;-0.13;
2153;C;-0.93;-0.143;
2154;A;-0.856;-0.155;
2155;T;-0.713;-0.161;
2156;G;-0.594;-0.217;
2157;G;-0.231;-0.233;
2158;A;-0.306;-0.276;
2159;G;-0.18;-0.439;
2160;C;-0.731;-0.554;
2161;C;0.216;-0.49;
2162;G;-0.307;-0.386;
2163;A;-0.708;-0.505;
2164;C;-0.442;-0.52;
2165;C;-0.725;-0.529;
2166;T;-0.579;-0.552;
2167;T;0.427;-0.374;
2168;G;0.402;-0.403;
2169;A;-0.098;-0.418;
2170;A;-0.213;-0.418;
2171;A;0.449;-0.324;
2172;T;-0.298;-0.537;
2173;A;0.404;-0.361;
2174;C;0.414;-0.398;
2175;C;0.051;-0.419;
2176;A;0.116;-0.488;
2177;C;0.101;-0.493;
2178;C;-0.326;-0.468;
2179;C;-0.262;-0.505;
2180;T;-0.411;-0.467;
2181;T;-0.675;-0.489;
2182;T;-0.824;-0.513;
2183;A;-0.78;-0.557;
2184;A;-0.822;-0.5;
2185;T;-0.755;-0.549;
2186;G;-0.767;-0.513;
2187;T;-0.72;-0.498;
2188;T;-0.434;-0.502;
2189;T;-0.29;-0.535;
2190;G;-0.599;-0.517;
2191;A;-0.84;-0.562;
2192;T;-0.793;-0.489;
2193;G;-0.75;-0.496;
2194;T;-0.51;-0.522;
2195;T;-0.67;-0.522;
2196;C;0.333;-0.426;
2197;T;0.293;-0.436;
2198;A;-0.325;-0.432;
2199;A;0.327;-0.356;
2200;C;-0.311;-0.387;
2201;G;-0.86;-0.373;
2202;T;-0.938;-0.35;
2203;T;-0.805;-0.112;
2204;G;-0.916;-0.288;
2205;A;-0.925;-0.252;
2206;C;-0.937;-0.251;
2207;C;-0.575;-0.295;
2208;C;-0.717;-0.297;
2209;G;-0.96;-0.267;
2210;T;-0.755;-0.392;
2211;A;-0.903;-0.401;
2212;A;-0.418;-0.358;
2213;T;-0.714;-0.368;
2214;C;-0.485;-0.216;
2215;C;-0.94;-0.252;
2216;G;-0.702;-0.292;
2217;G;-0.491;-0.286;
2218;G;-0.954;-0.216;
2219;T;-0.949;-0.252;
2220;T;-0.949;-0.267;
2221;G;-0.94;-0.343;
2222;C;-0.871;-0.359;
2223;G;-0.538;-0.335;
2224;G;-0.032;-0.507;
2225;A;0.289;-0.476;
2226;C;0.153;-0.554;
2227;A;0.076;-0.581;
2228;G;-0.625;-0.779;2794
2229;T;0.339;-0.282;2795
2230;G;0.291;-0.298;2796
2231;T;0.255;-0.038;2797
2232;C;0.154;-0.124;2798
2233;T;0.455;0.108;2799
2234;G;0.508;-0.078;2800
2235;G;0.49;-0.055;2801
2236;T;0.292;-0.305;2802
2237;G;-0.065;-0.832;
2238;G;0.309;-0.818;
2239;G;0.488;0.018;2803
2240;T;--;0.336;2804
2241;A;0.895;0.171;2805
2242;G;0.719;0.178;2806
2243;T;1.934;1.843;2807
2244;T;1.946;1.962;2808
2245;T;1.162;0.714;2809
2246;G;1.014;1.033;2810
2247;A;0.597;0.951;2811
2248;C;0.868;1.188;2812
2249;T;1.914;1.881;2813
2250;G;1.898;1.869;2814
2251;G;1.987;2;2815
2252;G;1.912;1.962;2816
2253;G;1.781;1.709;2817
2254;C;1.265;0.756;2818
2255;G;1.683;1.401;2819
2256;G;0.854;1.208;2820
2257;T;0.561;0.931;2821
2258;C;0.853;0.774;2822
2259;T;0.316;0.333;2823
2260;C;0.792;0.518;2824
2261;C;0.632;0.473;2825
2262;T;0.576;0.56;2826
2263;C;0.2;0.716;2827
2264;C;0.153;0.379;2828
2265;T;0.227;-0.002;2829
2266;A;1.576;1.187;2830
2267;A;0.878;0.196;2831
2268;A;1.681;1.367;2832
2269;G;0.381;0.674;2833
2270;A;0.019;0.095;2834
2271;G;0.365;-0.103;2835
2272;T;0.637;0.335;2836
2273;A;1.74;1.411;2837
2274;A;0.772;-0.007;2838
2275;C;1.65;1.292;2839
2276;G;0.421;0.386;2840
2277;G;0.201;0.703;2841
2278;A;0.609;0.574;2842
2279;G;0.712;0.462;2843
2280;G;1.105;0.515;2844
2281;A;0.221;0.427;2845
2282;G;0.988;0.389;2846
2283;C;0.509;0.276;2847
2284;A;-0.059;-0.241;2848
2285;C;0.487;-0.496;2849
2286;G;-0.329;-0.773;2850
;;-1;;2851
;;-1;;2852
;;-1;;2853
;;-1;;2854
;;-1;;2855
;;-1;;2856
;;-1;;2857
;;-1;;2858
;;-1;;2859
;;-1;;2860
;;-1;;2861
;;-1;;2862
;;-1;;2863
;;-1;;2864
;;-1;;2865
;;-1;;2866
;;-1;;2867
;;-1;;2868
;;-1;;2869
;;-1;;2870
;;-1;;2871
;;-1;;2872
;;-1;;2873
;;-1;;2874
;;-1;;2875
;;-1;;2876
;;-1;;2877
;;-1;;2878
;;-1;;2879
;;-1;;2880
;;-1;;2881
;;-1;;2882
;;-1;;2883
;;-1;;2884
;;-1;;2885
;;-1;;2886
;;-1;;2887
2287;A;0.458;-0.532;
2288;A;0.219;-0.405;
2289;G;0.348;-0.457;
2290;G;-0.058;-0.445;
2291;T;-0.041;-0.419;
2292;T;-0.743;-0.483;
2293;G;-0.787;-0.57;
2294;G;-0.592;-0.531;
2295;C;0.122;-0.549;
2296;T;0.343;-0.397;
2297;A;-0.064;-0.521;
2298;A;0.119;-0.294;
2299;T;-0.458;-0.376;
2300;C;-0.913;-0.459;
2301;C;-0.759;-0.452;
2302;T;-0.796;-0.391;
2303;G;0.128;-0.354;
2304;G;-0.263;-0.307;
2305;T;-0.33;-0.445;
2306;C;-0.238;-0.408;
2307;G;-0.317;-0.49;
2308;G;0.189;-0.454;
2309;A;-0.065;-0.447;
2310;C;-0.077;-0.367;
2311;A;0.144;-0.374;
2312;T;-0.083;-0.302;
2313;C;0.073;-0.368;
2314;A;-0.788;-0.385;
2315;G;-0.774;-0.392;
2316;G;-0.908;-0.416;
2317;A;-0.532;-0.319;
2318;G;-0.35;-0.411;
2319;G;-0.497;-0.425;
2320;T;-0.692;-0.479;
2321;T;-0.042;-0.516;
2322;A;0.194;-0.461;
2323;G;-0.159;-0.486;
2324;T;-0.186;-0.476;
2325;G;-0.243;-0.516;
2326;C;-0.706;-0.47;
2327;A;0.463;-0.328;
2328;A;0.474;-0.332;
2329;T;-0.586;-0.405;
2330;G;0.08;-0.464;
2331;G;0.322;-0.423;
2332;C;-0.342;-0.55;
2333;A;0.318;-0.494;
2334;T;-0.741;-0.517;
2335;A;0.415;-0.381;
2336;A;0.332;-0.423;
2337;G;0.199;-0.558;
2338;C;-0.608;-0.553;
2339;C;-0.748;-0.576;
2340;A;-0.756;-0.491;
2341;G;0.072;-0.443;
2342;C;-0.066;-0.456;
2343;T;0.05;-0.513;
2344;T;0.426;-0.452;
2345;G;-0.079;-0.619;
2346;A;0.635;-0.397;
2347;C;-0.195;-0.834;
2348;T;0.297;-0.274;
2349;G;0.003;-0.359;
2350;C;0.237;-0.159;
2351;G;0.139;-0.141;
2352;A;0.641;-0.092;
2353;G;0.364;0.118;
2354;C;0.305;0.368;
2355;G;0.06;-0.335;
2356;T;0.036;-0.361;
2357;G;-0.237;-0.482;
2358;A;0.724;0.768;
2359;C;0.733;0.65;
2360;G;0.502;0.041;
2361;G;-0.013;-0.152;
2362;C;0.402;-0.337;
2363;G;0.307;0.412;
2364;C;0.227;0.022;
2365;G;0.069;-0.166;
2366;A;0.778;0.419;
2367;G;-0.067;0.175;
2368;C;0.044;-0.249;
2369;A;0.307;-0.271;
2370;G;-0.138;-0.728;
2371;G;-0.621;-0.606;
2372;T;-0.662;-0.694;
2373;G;-0.312;-0.559;
2374;C;-0.266;-0.582;
2375;G;0.264;-0.645;
2376;A;0.28;-0.618;
2377;A;0.431;-0.482;
2378;A;0.387;-0.513;
2379;G;0.126;-0.554;
2380;C;-0.317;-0.565;
2381;A;-0.662;-0.76;
2382;G;-0.071;-0.604;2888
2383;G;0.601;-0.375;2889
2384;T;-0.116;-0.376;2890
2385;C;0.378;-0.634;2891
2386;A;0.005;-0.267;2892
2387;T;0.741;-0.318;2893
;;-1;;2894
;;-1;;2895
;;-1;;2896
2388;A;1.14;0.443;
2389;G;0.188;-0.17;
2390;T;0.638;0.627;
2391;G;1.674;1.255;
2392;A;1.677;1.361;2897
2393;T;0.927;0.413;2898
2394;C;1.608;1.166;2899
2395;C;1.356;1.063;2900
2396;G;0.181;0.322;2901
2397;G;0.101;0.162;2902
;;-1;;2903
;;-1;;2904
;;-1;;2905
;;-1;;2906
2398;T;-0.108;-0.88;
2399;G;-0.449;-0.879;
2400;G;-0.157;-0.655;
2401;T;-0.325;-0.491;
2402;T;-0.902;-0.557;
2403;C;-0.361;-0.527;
2404;T;-0.579;-0.537;
2405;G;-0.689;-0.592;
2406;A;-0.861;-0.582;
2407;A;-0.512;-0.73;
2408;T;-0.351;-0.746;
2409;G;-0.095;-0.664;
2410;G;0.195;-0.041;
2411;A;0.314;-0.044;
2412;A;0.09;-0.32;
2413;G;-0.478;-0.529;
2414;G;-0.358;-0.551;
2415;G;0.081;-0.534;
2416;C;-0.02;-0.634;
2417;C;-0.45;-0.873;
2418;A;-0.112;-0.88;
2419;T;0.543;0.228;2907
2420;C;0.173;0.343;2908
2421;G;1.362;1.165;2909
2422;C;-0.182;0.837;2910
2423;T;0.662;0.936;2911
2424;C;0.779;0.686;2912
2425;A;0.951;1.307;2913
2426;A;0.97;1.172;2914
2427;C;1.139;0.641;2915
2428;G;0.901;0.989;2916
2429;G;1.276;0.869;2917
2430;A;1.8;1.658;2918
2431;T;-0.211;-0.418;
2432;A;0.053;0.631;2919
2433;A;0.899;0.59;2920
2434;A;1.833;1.671;2921
2435;A;1.947;2;2922
2436;G;1.726;1.497;2923
2437;G;0.585;0.794;2924
2438;T;1.847;1.806;2925
2439;A;1.899;1.778;2926
2440;C;1.933;1.944;2927
2441;T;0.783;0.961;2928
2442;C;0.878;1.038;2929
2443;C;0.872;0.916;2930
2444;G;0.992;1.447;2931
2445;G;1.873;1.81;2932
2446;G;1.931;1.881;2933
2447;G;1.825;1.87;2934
2448;A;1.837;1.665;2935
2449;T;2;2;2936
2450;A;1.973;1.937;2937
2451;A;2;2;2938
2452;C;2;2;2939
2453;A;1.293;2;2940
2454;G;1.898;1.809;2941
2455;G;0.902;1.216;2942
2456;C;0.885;0.954;2943
2457;T;1.071;0.867;2944
2458;G;0.193;1.168;2945
2459;A;1.113;1.614;2946
2460;T;1.854;1.677;2947
2461;A;0.445;0.567;2948
2462;C;0.091;0.287;2949
2463;C;0.703;0.408;2950
2464;G;0.018;-0.15;2951
2465;C;0.225;0.847;2952
2466;C;0.646;0.423;2953
2467;C;1.09;0.286;2954
2468;A;0.546;-0.26;2955
2469;A;1.723;1.371;2956
2470;G;1.601;1.148;2957
2471;A;1.132;1.521;2958
2472;G;1.788;1.537;2959
2473;T;1.092;0.793;2960
2474;T;0.829;0.798;2961
2475;C;1.791;1.583;2962
2476;A;1.161;0.595;2963
2477;T;0.835;1.115;2964
2478;A;1.811;1.568;2965
2479;T;1.132;1.521;2966
2480;C;1.451;0.873;2967
2481;G;1.495;0.953;2968
2482;A;1.646;1.275;2969
2483;C;1.323;0.588;2970
2484;G;0.671;0.472;2971
2485;G;0.11;0.8;2972
2486;C;0.05;-0.131;2973
2487;G;0.709;0.291;2974
2488;G;0.022;0.338;2975
2489;T;0.569;0.609;2976
2490;G;1.247;1.626;2977
2491;T;1.514;1.265;2978
2492;T;1.9;1.777;2979
2493;T;1.802;1.619;2980
2494;G;1.083;0.902;2981
2495;G;0.403;0.958;2982
2496;C;0.469;1.139;2983
2497;A;1.119;1.714;2984
2498;C;1.914;1.809;2985
2499;C;1.164;1.689;2986
2500;T;1.965;2;2987
2501;C;1.965;2;2988
2502;G;1.879;1.794;2989
2503;A;1.85;1.777;2990
2504;T;1.875;1.809;2991
2505;G;2;2;2992
2506;T;1.976;2;2993
2507;C;1.108;1.364;2994
2508;G;1.913;1.808;2995
2509;G;1.517;1.289;2996
2510;C;0.948;1.2;2997
2511;T;1.93;1.842;2998
2512;C;1.527;1.236;2999
2513;A;0.679;1.563;3000
2514;T;0.789;0.806;3001
2515;C;0.902;1.07;3002
2516;A;0.221;1.13;3003
2517;C;1.014;0.985;3004
2518;A;1.515;1.151;3005
2519;T;1.12;0.894;3006
2520;C;1.63;1.204;3007
2521;C;0.953;1.019;3008
2522;T;1.274;0.607;3009
2523;G;0.263;0.294;3010
2524;G;0.586;0.499;3011
2525;G;0.208;0.567;3012
2526;G;1.28;1.298;3013
2527;C;0.295;0.787;3014
2528;T;0.679;1.383;3015
2529;G;1.764;1.46;3016
2530;A;0.202;0.649;3017
2531;A;1.827;1.651;3018
2532;G;1.409;1.023;3019
2533;T;0.286;0.678;3020
2534;A;0.674;0.467;3021
2535;G;0.762;1.235;3022
2536;G;0.295;0.706;3023
2537;T;0.936;1.348;3024
2538;C;0.166;0.647;3025
2539;C;0.593;0.612;3026
2540;C;0.407;0.389;3027
2541;A;1.647;1.214;3028
2542;A;1.604;1.18;3029
2543;G;1.161;0.426;3030
2544;G;0.867;1.073;3031
2545;G;1.614;1.185;3032
2546;T;1.802;1.558;3033
2547;A;0.854;1.294;3034
2548;T;0.276;0.639;3035
2549;G;1.822;1.683;3036
2550;G;0.406;1.085;3037
2551;C;0.966;1.15;3038
2552;T;1.97;1.968;3039
2553;G;1.984;2;3040
2554;T;1.828;2;3041
2555;T;1.818;2;3042
2556;C;2;2;3043
2557;G;0.942;0.947;3044
2558;C;0.938;0.973;3045
2559;C;1.804;1.64;3046
2560;A;0.287;0.616;3047
2561;T;0.999;1.261;3048
2562;T;1.132;1.464;3049
2563;T;1.155;1.481;3050
2564;A;1.643;1.571;3051
2565;A;1.709;1.496;3052
2566;A;1.029;1.393;3053
2567;G;1.043;0.955;3054
2568;T;0.216;1.086;3055
2569;G;0.954;1.039;3056
2570;G;0.78;0.697;3057
2571;T;0.757;1.632;3058
2572;A;1.746;1.772;3059
2573;C;2;2;3060
2574;G;1.58;1.373;3061
2575;C;1.135;1.91;3062
2576;G;1.804;1.785;3063
2577;A;2;2;3064
2578;G;1.095;1.215;3065
2579;C;1.566;1.335;3066
2580;T;2;2;3067
2581;G;1.905;1.829;3068
2582;G;1.135;1.316;3069
2583;G;1.969;1.956;3070
2584;T;1.904;1.956;3071
2585;T;1.942;1.852;3072
2586;T;0.856;1.023;3073
2587;A;1.969;1.921;3074
2588;G;1.322;1.219;3075
2589;A;1.783;1.54;3076
2590;A;0.842;0.98;3077
2591;C;1.955;1.928;3078
2592;G;1.923;1.81;3079
2593;T;1.062;0.979;3080
2594;C;0.934;0.572;3081
2595;G;1.957;1.892;3082
2596;T;1.251;0.759;3083
2597;G;1.153;1.266;3084
2598;A;1.913;1.935;3085
2599;G;0.962;0.635;3086
2600;A;0.893;0.772;3087
2601;C;1.779;1.687;3088
2602;A;1.939;2;3089
2603;G;1.967;2;3090
2604;T;0.836;1.005;3091
2605;T;1.808;1.626;3092
2606;C;1.004;1.196;3093
2607;G;0.967;0.863;3094
2608;G;1.985;1.964;3095
2609;T;1.686;1.799;3096
2610;C;0.991;1.639;3097
2611;C;0.845;1.44;3098
2612;C;0.843;1.648;3099
2613;T;1.299;2;3100
2614;A;1.211;1.828;3101
2615;T;1.168;1.886;3102
2616;C;1.751;1.653;3103
2617;T;1.044;1.58;3104
2618;G;0.6;0.49;3105
2619;C;0.545;1.172;3106
;;-1;;3107
2620;C;0.256;0.233;3108
2621;G;0.175;-0.734;
2622;T;-0.648;-0.741;
2623;G;-0.472;-0.68;
2624;G;-0.194;-0.693;
2625;G;-0.349;-0.69;
2626;C;-0.539;-0.647;
2627;G;-0.271;-0.386;
2628;C;-0.728;-0.487;
2629;T;-0.649;-0.553;
2630;G;-0.432;-0.549;
2631;G;-0.206;-0.58;
2632;A;-0.501;-0.518;
2633;G;-0.648;-0.518;
2634;A;-0.806;-0.51;
2635;A;-0.684;-0.533;
2636;C;-0.522;-0.617;
2637;T;-0.24;-0.579;
2638;G;-0.098;-0.523;
2639;A;0.221;-0.56;
2640;G;-0.65;-0.63;
2641;G;-0.207;-0.478;
2642;G;0.023;-0.55;
2643;G;-0.429;-0.549;
2644;G;-0.182;-0.722;
2645;G;-0.206;-0.474;
;;-1;;3109
;;-1;;3110
;;-1;;3111
;;-1;;3112
;;-1;;3113
2646;C;0.448;0.421;3114
2647;T;0.82;0.73;3115
2648;G;0.174;0.533;3116
2649;C;0.311;0.34;3117
2650;T;0.248;0.892;3118
2651;C;0.913;0.643;3119
2652;C;0.578;0.835;3120
2653;T;1.127;0.761;3121
2654;A;1.64;1.393;3122
2655;G;2;2;3123
2656;T;2;2;3124
2657;A;1.97;1.928;3125
2658;C;2;2;3126
2659;G;1.968;1.92;3127
2660;A;1.857;1.699;3128
2661;G;1.095;1.51;3129
2662;A;1.968;1.92;3130
2663;G;2;2;3131
2664;G;1.985;1.964;3132
2665;A;1.97;1.928;3133
2666;C;0.689;0.793;3134
2667;C;1.082;0.491;3135
2668;G;0.297;0.493;3136
2669;G;0.986;0.695;3137
2670;A;0.231;0.803;3138
2671;G;0.316;0.353;3139
2672;T;0.097;0.849;3140
2673;G;0.631;0.745;3141
2674;G;0.258;0.331;3142
;;-1;;3143
2675;A;-0.467;-0.973;
2676;C;0.328;0.13;3144
2677;G;0.419;0.294;3145
2678;C;0.025;0.621;3146
2679;A;0.765;0.632;3147
2680;T;0.977;0.633;3148
2681;C;0.952;1.052;3149
2682;A;-0.082;-0.223;3150
2683;C;0.215;0.467;3151
2684;T;1.065;0.218;3152
2685;G;0.487;-0.377;3153
2686;G;0.502;-0.349;3154
2687;T;0.414;-0.396;3155
;;-1;;3156
;;-1;;3157
2688;G;-0.518;-0.611;
2689;T;-0.342;-0.529;
2690;T;-0.366;-0.476;
2691;C;-0.298;-0.583;
2692;G;-0.263;-0.513;
2693;G;-0.795;-0.591;
2694;G;0.215;-0.542;
2695;T;-0.32;-0.416;
2696;T;0.27;-0.34;
2697;G;-0.531;-0.478;
2698;T;-0.241;-0.419;
2699;C;-0.686;-0.423;
2700;A;-0.759;-0.536;
2701;T;-0.347;-0.447;
2702;G;-0.026;-0.574;
2703;C;-0.459;-0.552;
2704;C;-0.46;-0.57;
2705;A;-0.208;-0.448;
2706;A;-0.373;-0.504;
2707;T;-0.648;-0.513;
2708;G;-0.624;-0.497;
2709;G;-0.292;-0.402;
2710;C;-0.543;-0.451;
2711;A;-0.074;-0.365;
2712;C;-0.564;-0.511;
2713;T;-0.802;-0.608;
2714;G;0.022;-0.396;
2715;C;0.029;-0.544;
2716;C;-0.771;-0.593;
2717;C;-0.273;-0.509;
2718;G;-0.032;-0.592;
2719;G;-0.326;-0.562;
2720;T;-0.365;-0.54;
2721;A;0.106;-0.452;
2722;G;0.433;-0.394;3158
2723;C;0.498;-0.364;3159
2724;T;0.378;-0.345;3160
2725;A;1.107;0.276;3161
2726;A;0.201;0.025;3162
2727;A;0.909;0.719;3163
2728;T;0.769;0.64;3164
2729;G;0.057;0.641;3165
2730;C;0.431;0.291;3166
2731;G;0.386;0.138;3167
2732;G;-0.054;-0.351;
2733;A;-0.367;-0.004;
2734;A;-0.694;-0.508;
2735;G;-0.463;-0.86;
2736;A;-0.131;-0.881;
2737;G;0.182;-0.871;
2738;A;0.136;-0.509;
2739;T;0.569;-0.737;
2740;A;0.666;0.409;
2741;A;1.215;0.326;
2742;G;0.009;0.179;
2743;T;0.01;0.29;
2744;G;0.544;0.176;
2745;C;0.679;0.199;
2746;T;1.674;1.294;
2747;G;1.623;1.11;
2748;A;1.492;0.878;
2749;A;1.117;0.3;
2750;A;0.416;0.144;
2751;G;0.488;-0.264;
2752;C;1.034;0.125;
2753;A;0.766;0.665;
2754;T;1.012;0.193;
2755;C;0.651;0.696;
2756;T;0.725;-0.071;
2757;A;1.636;1.191;
2758;A;1.572;1.017;
2759;G;0.605;-0.013;
2760;C;0.56;0.301;
2761;A;-0.008;0.165;
2762;C;-0.035;0.171;
2763;G;0.373;-0.765;
2764;A;0.538;-0.667;
2765;A;0.835;-0.288;
2766;A;-0.51;-0.501;
2767;C;0.131;-0.9;
2768;T;-0.213;-0.918;
2769;T;-0.553;-0.876;
2770;G;-0.827;-0.696;
2771;C;-0.423;-0.69;
2772;C;0.001;-0.724;
2773;C;-0.158;-0.597;
2774;C;-0.629;-0.718;
2775;G;-0.577;-0.467;
2776;A;-0.049;-0.358;
2777;G;-0.313;-0.494;
2778;A;-0.106;-0.493;
2779;T;-0.513;-0.668;
2780;G;-0.624;-0.635;
2781;A;-0.189;-0.617;
2782;G;-0.437;-0.704;
2783;T;-0.654;-0.615;
2784;T;-0.792;-0.586;
2785;C;-0.646;-0.556;
2786;T;-0.375;-0.538;
2787;C;-0.173;-0.634;
2788;C;-0.539;-0.636;
2789;C;-0.492;-0.066;
2790;T;-0.8;-0.057;
2791;G;-0.781;-0.033;
2792;A;-0.88;--;
2793;C;-0.823;--;
2794;C;-0.815;--;
2795;C;-0.531;--;
2796;T;-0.394;--;
2797;T;-0.7;--;
2798;T;-0.668;--;
2799;A;-0.815;--;
2800;A;-0.384;--;
2801;G;-0.52;--;
2802;G;-0.804;--;
2803;G;-0.829;-0.077;
2804;T;-0.879;-0.077;
2805;C;-0.816;-0.077;
2806;C;-0.453;-0.198;
2807;T;-0.869;-0.297;
2808;G;-0.744;-0.321;
2809;A;-0.62;-0.477;
2810;A;-0.026;-0.43;
2811;G;-0.31;-0.611;
2812;G;-0.424;-0.611;
2813;A;-0.745;-0.584;
2814;A;-0.335;-0.616;
2815;C;0.108;-0.11;
2816;G;0.25;0.08;
2817;T;0.294;0.603;
2818;T;0.05;0.166;
2819;G;-0.428;-0.928;
2820;A;-0.2;-0.271;
2821;A;1.546;1.169;
2822;G;1.066;0.691;
2823;A;1.632;1.372;
2824;C;0.329;-0.003;
2825;G;-0.037;0.178;
2826;A;1.276;0.377;
2827;C;-0.444;-0.935;
2828;G;0.01;0.199;
2829;A;0.031;0.667;
2830;C;0.239;0.039;
2831;G;0.084;-0.11;
2832;T;0.504;-0.233;
2833;T;0.106;-0.292;
2834;G;0.156;-0.377;
2835;A;0.378;0.749;
2836;T;0.778;0.846;
2837;A;0.496;0.202;
2838;G;1.067;0.565;
2839;G;0.665;0.565;
2840;C;0.069;-0.082;
2841;C;-0.061;-0.473;
2842;G;0.117;-0.377;
2843;G;0.715;-0.538;
2844;G;0.1;-0.178;
2845;T;0.092;-0.431;
2846;G;0.371;-0.222;
2847;T;1.31;0.205;
2848;G;1.258;-0.458;
2849;T;0.699;0.158;
2850;A;1.261;-0.147;
2851;A;0.937;-0.013;
2852;G;0.925;-0.453;
2853;C;0.229;-0.459;
2854;G;0.187;-0.42;
2855;C;0.069;-0.475;
2856;A;0.136;-0.675;
2857;G;0.394;-0.288;
2858;C;0.507;-0.362;
2859;G;-0.009;-0.02;
2860;A;0.145;0.261;
2861;T;0.229;-0.77;
2862;G;0.008;-0.469;
2863;C;0.046;-0.396;
2864;G;0.172;-0.561;
2865;T;0.696;-0.363;
2866;T;0.445;-0.746;
2867;G;-0.057;-0.877;
2868;A;1.477;0.084;
2869;G;1.297;0.114;
2870;C;0.426;-0.366;
2871;T;0.442;-0.353;
2872;A;-0.037;-0.287;
2873;A;0.508;-0.218;
2874;C;0.711;-0.488;
2875;C;0.059;-0.377;
2876;G;-0.13;-0.657;
2877;G;0.117;-0.131;
2878;T;1.048;0.221;
2879;A;0.228;0.732;
2880;C;1.071;0.543;
2881;T;0.635;0.174;
2882;A;0.923;0.753;
2883;A;0.987;0.655;
2884;T;-0.047;-0.17;
2885;G;-0.33;-0.581;
2886;A;0.539;-0.666;
2887;A;-0.057;-0.458;
2888;C;0.392;-0.566;
2889;C;0.611;-0.499;
2890;G;0.208;-0.677;
2891;T;-0.051;-0.605;
2892;G;-0.753;-0.625;
2893;A;-0.684;-0.792;
2894;G;-0.161;-0.53;
2895;G;-0.261;-0.526;
2896;C;-0.045;-0.622;
2897;T;0.22;-0.475;
2898;T;0.272;-0.715;
2899;A;-0.491;-0.677;
2900;A;-0.442;-0.488;
2901;C;-0.499;-0.767;
2902;C;-0.284;-0.714;
2903;T;-0.741;-0.623;
2904;;-0.786;-0.705;
;;-1;;3168
;;-1;;3169
;;-1;;3170
;;-1;;3171
;;-1;;3172
;;-1;;3173
;;-1;;3174
;;-1;;3175
;;-1;;3176
;;-1;;3177
;;-1;;3178
;;-1;;3179
;;-1;;3180
;;-1;;3181
;;-1;;3182
;;-1;;3183
;;-1;;3184
;;-1;;3185
;;-1;;3186
;;-1;;3187
;;-1;;3188
;;-1;;3189
;;-1;;3190
;;-1;;3191
;;-1;;3192
;;-1;;3193
;;-1;;3194
;;-1;;3195
;;-1;;3196
;;-1;;3197
;;-1;;3198
;;-1;;3199
;;-1;;3200
;;-1;;3201
;;-1;;3202
;;-1;;3203
;;-1;;3204
;;-1;;3205
;;-1;;3206
;;-1;;3207
;;-1;;3208
;;-1;;3209
;;-1;;3210
;;-1;;3211
;;-1;;3212
;;-1;;3213
;;-1;;3214
;;-1;;3215
;;-1;;3216
;;-1;;3217
;;-1;;3218
;;-1;;3219
;;-1;;3220
;;-1;;3221
;;-1;;3222
;;-1;;3223
;;-1;;3224
;;-1;;3225
;;-1;;3226
;;-1;;3227
;;-1;;3228
;;-1;;3229
;No. residues mt-LSU;;;-->
;;;control;------->
