Position;CVTOT;Genomic;
6;-0.3920;648;G
7;0.4900;;A
8;0.6660;650;A
9;0.5200;;G
10;0.4370;;A
11;1.6090;653;G
12;0.7900;654;U
13;1.8020;;U
14;1.7710;656;U
15;1.6860;;G
16;1.3470;658;A
17;1.9190;;U
18;1.6210;;C
19;1.3800;;A
20;1.7770;;U
21;1.4980;663;G
22;0.8800;;G
23;1.8420;;C
24;0.5610;;U
25;0.6430;;C
26;0.9880;;A
27;0.8320;669;G
28;0.5060;;A
29;0.3860;;U
30;0.1410;;U
31;0.0240;;G
32;1.0040;;A
33;1.1660;;A
34;0.7410;;C
35;1.5700;676;G
36;1.4500;;C
37;1.8490;678;U
38;0.5360;679;G
39;1.1710;680;G
40;0.9270;681;C
41;0.7410;;G
42;0.7720;;G
43;0.9350;684;C
44;0.7280;;A
45;0.2860;686;G
46;1.0470;;G
47;0.7490;;C
48;0.7020;689;C
49;1.8860;;U
50;1.3360;;A
51;1.1720;;A
52;0.5340;;C
53;1.0700;;A
54;1.9170;;C
55;1.9420;;A
56;1.9600;;U
57;1.9050;;G
58;1.8680;;C
59;1.6650;699;A
60;1.4190;;A
61;1.7910;;G
62;1.6420;702;U
105;1.6640;;G
106;1.7510;708;C
107;1.1480;709;G
108;0.3200;710;G
109;1.4140;711;A
110;1.2010;712;C
111;1.1900;;G
112;1.4060;714;G
113;1.2600;715;G
114;1.8550;;U
115;1.2240;;G
116;1.3280;;A
117;1.0980;719;G
118;1.3830;720;U
;-1.0000;721;
;-1.0000;722;
;-1.0000;723;
;-1.0000;;
;-1.0000;;
;-1.0000;;
;-1.0000;;
;-1.0000;728;
;-1.0000;729;
;-1.0000;;
;-1.0000;731;
;-1.0000;732;
;-1.0000;;
;-1.0000;;
;-1.0000;735;
;-1.0000;736;
;-1.0000;;
;-1.0000;738;
;-1.0000;739;
;-1.0000;740;
;-1.0000;;
;-1.0000;742;
;-1.0000;743;
;-1.0000;744;
;-1.0000;745;
;-1.0000;;
;-1.0000;747;
;-1.0000;748;
;-1.0000;749;
;-1.0000;750;
;-1.0000;751;
;-1.0000;752;
;-1.0000;;
;0.5800;;G
;0.1730;755;G
;0.4250;;G
;1.8470;;A
;1.8820;;U
;0.9260;;U
;1.8990;760;A
;1.3190;761;G
;0.8730;;C
;1.4390;;U
;0.7870;;A
;1.4540;;G
;1.0230;;U
;1.0760;;A
;1.2190;;G
;-1.0000;769;
;-1.0000;770;
;-1.0000;771;
;-1.0000;;
;1.0790;773;C
;1.0650;;U
;0.9970;;A
;1.8150;;G
;0.8910;;G
;1.3170;779;C
;0.2790;;G
;0.9610;;A
;0.6790;;C
;1.1820;783;G
;1.9130;;A
;0.9420;;U
;0.5650;;C
;0.1720;;C
;0.5880;;C
;1.8450;789;U
;1.4710;;A
;0.9650;;G
;1.0420;792;C
;-1.0000;793;
;-1.0000;794;
;-1.0000;795;
;1.0070;796;G
;0.9500;;C
;1.2130;;C
;1.8630;;A
;1.2750;;C
;1.8010;801;A
;1.6410;;C
;0.7690;;U
;1.2060;804;C
;1.5930;;C
;1.1090;806;U
;1.8040;;A
;1.1950;808;C
;1.7840;;G
;1.8200;;G
;1.2460;811;G
;1.3490;;A
;1.1880;813;G
;1.2890;814;G
;1.9090;;C
;1.8310;;A
;1.8810;;G
;1.9400;;C
;1.9660;;A
;1.9350;;G
;1.1470;;U
;0.5150;;G
;1.2310;;G
;0.6620;824;G
;1.3560;825;G
;1.2290;;A
;1.9350;827;A
;0.9770;;U
;0.7850;829;A
;1.7240;;U
;1.9590;;U
;0.4070;;G
;0.5780;;C
;0.3240;834;A
;1.7750;;C
;1.4860;;A
;1.7500;;A
;1.9370;;U
;0.9700;839;G
;0.7950;;G
;0.6050;;G
;0.6720;;C
;0.9700;;G
;0.6030;;C
;1.2040;;A
;1.6160;;A
;0.6270;;G
;0.4760;;C
;0.6010;;C
;0.9450;850;U
;1.6750;851;G
;1.9410;;A
;0.3340;;U
;0.5720;;G
;0.3570;;C
;1.7030;856;A
;1.8560;857;G
;1.0440;;C
;0.1360;859;C
;1.8630;;A
;0.7400;861;U
;0.8050;862;G
;0.8440;;C
;0.7690;;C
;0.9880;;G
;0.9300;866;C
;-1.0000;867;
;-1.0000;868;
;-1.0000;869;
;-1.0000;870;
;1.3140;;G
;0.6060;;C
;0.3010;;A
;0.3740;;C
;0.8210;;C
;1.9100;;G
;1.8190;;G
;1.5130;;C
;0.7800;;U
;1.9320;;A
;1.2770;;A
;0.8080;;C
;1.1490;;U
;0.3690;;C
;0.8100;;C
;1.9510;;G
;1.9640;;U
;1.9470;;G
;1.8750;;C
;1.9710;;C
;1.9660;;A
;1.9640;;G
;1.9460;;C
;1.3790;895;A
;1.4860;896;G
;1.8570;;C
;1.8790;;C
;1.9280;;G
;1.9570;;C
;1.9280;;G
;1.9310;;G
;1.8960;;U
;1.2930;;A
;1.9750;;A
;1.3060;906;U
;1.3690;;A
;1.9600;;C
;0.8040;;G
;0.3990;;G
;0.8040;;A
;0.4350;;G
;0.8780;;G
;0.3560;;G
;0.3060;;U
;0.6190;;G
;1.1860;;C
;0.4130;;A
;1.8920;;A
;1.5230;;G
;1.3470;921;C
;1.3660;922;G
;1.2470;;U
;1.0880;;U
;0.2100;;A
;0.4840;;A
;0.5470;;U
;0.9640;928;C
;0.5140;;G
;0.7030;930;C
;1.3800;931;U
;1.3880;;G
;1.3300;;G
;1.3760;934;G
;1.0230;935;C
;1.0290;;G
;1.9200;;U
;1.8360;;A
;1.8170;;A
;1.9380;;A
;1.2910;941;G
;0.3420;942;C
;1.8000;;G
;0.6770;;C
;0.2240;;A
;0.8610;;C
;1.1690;;G
;0.7930;;C
;1.4790;;A
;1.2470;;G
;0.6290;951;G
;0.5460;;C
;-1.0000;953;
;-1.0000;954;
;-1.0000;955;
;-1.0000;956;
;-1.0000;957;
;-1.0000;958;
;-1.0000;959;
;-1.0000;960;
;-1.0000;961;
;-1.0000;962;
;-1.0000;;
;-1.0000;964;
;-1.0000;965;
;-1.0000;966;
;-1.0000;;
;1.2560;;G
;0.2020;;G
;0.1120;;G
;0.8120;971;G
;0.3060;;G
;0.7570;;U
;0.4450;;A
;1.4460;;G
;1.2570;;A
;1.8340;;A
;1.1180;978;U
;1.3550;979;U
;0.5370;980;C
;0.8430;981;C
;0.0830;982;A
;0.1440;983;G
;0.7710;984;G
;0.9450;;U
;0.8460;986;G
;0.3960;;U
;1.7090;;A
;1.6630;988;G
;0.5940;;C
;1.0550;990;G
;1.8630;;G
;1.9180;;U
;1.2380;993;G
;1.5080;994;A
;1.5690;;A
;1.9710;996;A
;1.4060;;U
;0.6170;998;G
;1.6120;;C
;-1.0000;1000;
;-1.0000;;
;-1.0000;1002;
;0.8700;;A
;0.9380;;U
;0.1160;1005;C
;0.0790;;U
;0.9370;1007;G
;0.5820;1008;G
;1.2660;1009;A
;0.7050;;G
;1.4130;;G
;1.7840;;A
;1.1160;1013;A
;0.2860;1014;U
;-1.0000;;
;-1.0000;;
;-1.0000;;
;-1.0000;1018;
;-1.0000;1019;
;0.6880;;G
;0.6720;;U
;0.5890;;G
;1.3470;;G
;1.6790;;C
;1.6550;;G
;1.7790;;A
;1.9010;;A
;0.9920;1027;G
;1.6510;;G
;1.4220;;C
;0.8020;;G
;0.3290;;G
;0.5170;;C
;0.8150;;C
;0.1130;;C
;0.2040;;C
;1.2600;;C
;-1.0000;;
;-1.0000;1038;
;-1.0000;;
;-1.0000;1040;
;-1.0000;1041;
;0.7360;;G
;0.8080;;C
;1.7150;1044;U
;-1.0000;;
;-1.0000;;
;-1.0000;1047;
;-1.0000;1048;
;0.9750;;G
;0.1490;;U
;0.6550;;G
;1.7910;;C
;1.7070;1053;G
;1.9100;;A
;1.5510;1055;A
;1.7430;;A
;1.8270;;G
;1.2540;;C
;0.4990;;G
;0.7140;;U
;1.5040;1061;G
;1.7250;;G
;1.5670;1063;G
;0.8600;;G
;1.4060;;A
;0.7940;;G
;1.3800;;C
;1.0120;;A
;1.9490;;A
;1.4050;;A
;0.6430;;C
;1.0220;;A
;1.2310;;G
;1.9420;;G
;1.8640;;A
;1.9380;;U
;1.4610;;U
;1.9100;;A
;1.9470;;G
;1.9250;;A
;1.7940;1081;U
;1.9350;;A
;1.9430;;C
;1.9510;;C
;1.2490;;C
;1.0140;;U
;0.5900;;G
;1.2650;;G
;1.9350;;U
;1.9270;;A
;1.3640;;G
;1.3600;;U
;1.6860;;C
;1.2340;1094;C
;0.6950;1095;A
;0.4810;;C
;1.2510;;G
;1.8100;;C
;1.0110;;C
;0.7130;;G
;1.8010;;U
;1.8300;;A
;1.8810;;A
;1.8610;;A
;1.5710;;C
;0.8640;1106;G
;0.6890;1107;A
;1.4370;;U
;1.4150;;G
;-0.0250;;U
;-0.1650;;C
;-0.1410;;G
;0.5190;;A
;1.0230;;C
;1.2240;;U
;-1.0000;1116;
;-1.0000;1117;
;-1.0000;1118;
;-1.0000;1119;
;-1.0000;1120;
;-1.0000;;
;-1.0000;;
;-1.0000;;
;-1.0000;;
;-1.0000;;
;1.0850;;A
;1.0040;;G
;0.6480;;U
;0.0160;;C
;-0.0180;;G
;0.0260;;A
;1.1370;1132;C
;1.2610;1133;C
;1.0230;;G
;1.5330;;C
;1.3110;;C
;0.8010;;U
;1.8460;;G
;1.3770;;G
;1.7460;;G
;0.8920;;G
;1.9500;;A
;1.2740;;G
;1.9510;;U
;1.9520;;A
;1.1960;;C
;1.4540;;G
;0.5180;1148;G
;0.3370;;C
;1.5680;;C
;1.1020;;G
;1.3980;;C
;1.4330;;A
;1.6960;;A
;1.5590;;G
;0.3140;;G
;0.3510;;U
;1.7600;;U
;0.8960;;A
;1.9430;;A
;1.9710;1161;A
;1.9570;;A
;1.8340;;C
;1.7000;;U
;1.1930;;C
;1.7240;1166;A
;1.9610;;A
;1.9310;;A
;1.4110;;U
;1.5900;;G
;1.8970;;A
;1.2770;;A
;1.8340;1173;U
;1.7750;;U
;1.9440;;G
;1.3090;;A
;1.9400;;C
;1.9010;;G
;1.9710;;G
;0.7630;;G
;1.1400;;G
;0.6010;;G
;0.6750;1183;C
;0.7650;;C
;1.1070;1185;C
;0.9560;;G
;1.0710;;C
;-1.0000;1187;
;-1.0000;;
;-1.0000;1189;
;1.3080;;A
;1.7980;;C
;1.0920;1192;A
;1.0580;1193;A
;1.2040;;G
;0.6430;;C
;0.6870;;G
;1.8290;;G
;0.6820;1198;U
;1.9510;;G
;1.8520;;G
;1.8970;;A
;1.4250;;G
;1.3660;;C
;0.8450;;A
;1.9150;;U
;1.9260;;G
;1.1750;;U
;1.1000;;G
;1.1880;;G
;0.7320;;U
;-1.0000;1211;
;-1.0000;;
;-1.0000;;
;1.3540;;U
;1.7250;;U
;1.1460;;C
;1.9590;;G
;1.9650;;A
;0.3930;;U
;0.6230;;G
;0.9800;;C
;1.0190;1222;A
;1.3160;;A
;1.8450;;C
;0.7220;;G
;1.9570;;C
;1.7080;1227;G
;0.5880;;A
;0.6440;;A
;0.8130;;G
;1.4210;;A
;1.9330;;A
;1.2140;;C
;1.9040;;C
;1.7390;1235;U
;1.0420;;U
;1.9440;;A
;1.9650;;C
;1.8560;;C
;0.6320;1240;U
;0.4460;1241;G
;0.5540;;G
;0.1850;1243;U
;1.1000;;C
;0.9140;;U
;0.5710;1246;U
;0.7860;;G
;1.2380;;A
;1.8320;;G
;1.1810;;G
;1.1830;;U
;1.3160;1255;G
;0.4820;;C
;1.7840;;U
;1.3460;;G
;1.3630;;C
;1.9580;;A
;1.3090;;U
;1.3220;;G
;1.7140;1263;G
;1.1680;;C
;1.0360;;U
;1.6390;1266;G
;1.8250;;U
;1.3480;;C
;0.9870;;G
;1.5740;;U
;1.2530;;C
;1.8900;;A
;1.8360;;G
;1.2210;;C
;1.4090;1275;U
;0.8080;;C
;1.3230;;G
;1.3610;;U
;1.1560;;G
;0.5960;;U
;0.6400;;U
;1.2240;1282;G
;1.3370;1284;U
;1.3080;;G
;1.6450;;A
;0.7130;1287;A
;0.5630;;A
;1.1140;1289;U
;-1.0000;1290;
;-1.0000;1291;
;-1.0000;1292;
;1.3580;;A
;1.2920;;C
;1.4240;1299;G
;1.6840;;A
;1.3140;;G
;1.8340;;C
;1.2090;1303;G
;0.8780;;C
;1.1940;;A
;1.8920;1306;A
;1.1880;;C
;1.1070;1308;C
;0.7560;1309;C
;0.6590;1310;U
;-1.0000;;
;-1.0000;;
;-1.0000;1313;
;-1.0000;;
;0.8220;1315;G
;0.7250;;G
;1.1210;;G
;1.0920;;A
;0.4860;;U
;0.7260;;G
;1.9470;;A
;1.0010;;C
;1.3160;;G
;1.1070;;U
;1.5600;;C
;1.9110;;A
;1.0560;;A
;1.1800;;G
;1.9100;;U
;1.9390;;C
;0.6840;1331;A
;0.6730;;U
;0.6380;;C
;1.3620;;A
;1.7920;;U
;1.7460;;G
;0.5530;;G
;1.2580;;C
;1.1920;;C
;1.2100;;C
;1.0400;1341;U
;0.9100;1342;U
;1.9420;;A
;0.9980;;C
;1.4090;1345;G
;0.1380;1346;A
;0.2470;;C
;0.4360;1348;C
;0.6090;;A
;1.8330;;G
;1.9600;;G
;-1.0000;1352;
;-1.0000;;
;0.7670;;A
;1.2610;;C
;1.7290;;A
;1.1400;;C
;1.1920;;A
;1.3550;;C
;1.4280;;G
;0.7950;;U
;1.4470;;G
;1.4920;;C
;1.9000;;U
;1.9360;;A
;1.9670;;C
;1.9410;1367;A
;0.8640;1368;A
;1.9060;;U
;1.2040;;G
;0.7250;;G
;0.3340;;C
;0.0020;;G
;0.1790;1374;C
;-1.0000;1375;
;-1.0000;;
;-1.0000;1377;
;0.1790;;G
;-0.0090;;C
;0.3390;;G
;0.8190;;U
;1.2020;1382;C
;-1.0000;;
;-1.0000;;
;-1.0000;;
;-1.0000;1386;
;-1.0000;;
;1.2480;;C
;1.6940;1389;G
;1.4410;;G
;1.7960;1391;A
;1.2780;1392;U
;0.4790;1393;U
;1.2850;;G
;0.0330;;G
;0.3300;1396;A
;0.6260;;G
;0.4400;;U
;0.8040;1399;C
;1.9500;;U
;1.9280;;G
;0.9640;1402;C
;1.9620;;A
;1.9390;;A
;-1.0000;1405;
;-1.0000;1406;
;0.8130;;G
;0.4670;1408;A
;0.6580;;C
;0.3270;;U
;0.0200;;C
;1.2900;;C
;0.4500;1413;A
;1.3460;;U
;1.3340;1415;G
;1.9690;;A
;1.9610;;A
;1.2670;;G
;0.3990;;U
;0.4680;1420;C
;1.9700;;G
;1.9440;;G
;1.9720;;A
;0.7360;;A
;1.9640;;U
;0.7600;;C
;0.6860;;G
;1.2540;;C
;1.4560;;U
;1.6630;;A
;1.9750;;G
;1.9790;;U
;1.9650;;A
;1.7610;;A
;0.7530;;U
;1.1410;;C
;1.0990;;G
;0.6170;1438;U
;0.7380;;G
;0.6400;1440;G
;1.0140;;A
;1.2470;1442;U
;1.3190;1443;C
;1.9200;;A
;1.0330;;G
;0.8740;;A
;1.2760;;A
;0.3890;;U
;0.8820;;G
;0.6210;;C
;0.7580;;C
;0.6870;1452;A
;1.1190;1453;C
;1.1620;;G
;0.8460;;G
;1.7160;;U
;1.6340;;G
;1.9230;;A
;1.4180;;A
;1.3090;;U
;1.0520;1461;A
;1.1880;1462;C
;1.7190;;G
;1.3390;;U
;0.9590;1465;U
;1.4590;1466;C
;1.2710;;C
;1.0160;;C
;1.5820;;G
;0.8400;;G
;0.8080;;G
;0.6780;1472;C
;1.1330;1473;C
;1.2460;;U
;1.4530;;U
;1.9630;;G
;1.5620;;U
;1.9710;;A
;1.9860;;C
;1.7990;;A
;1.7120;;C
;1.9660;;A
;1.8740;;C
;1.7970;;C
;1.8850;;G
;1.9400;;C
;1.8830;;C
;1.9530;;C
;1.9410;;G
;1.9570;;U
;1.9400;;C
;1.2890;;A
;1.3460;;C
;0.2400;1494;A
;1.0160;1495;C
;1.2450;;C
;0.7780;;A
;0.4870;1498;U
;0.6690;;G
;0.3050;;G
;-1.0000;;
;-1.0000;;
;-1.0000;1503;
;0.3710;;G
;0.1150;;U
;-0.4650;;G
;0.1620;;G
;-1.0000;1508;
;-1.0000;;
;-1.0000;;
;-1.0000;1511;
;-1.0000;;
;-1.0000;;
;-1.0000;;
;-1.0000;;
;-1.0000;;
;-1.0000;1517;
;-1.0000;;
;-1.0000;;
;-1.0000;1520;
;-1.0000;;
;-1.0000;;
;-1.0000;;
;-1.0000;1524;
;-1.0000;;
;-1.0000;;
;-1.0000;;
;-1.0000;;
;-1.0000;;
;-1.0000;1530;
;-1.0000;1531;
;-1.0000;;
;-1.0000;;
;-1.0000;;
;-1.0000;;
;-1.0000;1536;
;-1.0000;1537;
;-1.0000;;
;-1.0000;1539;
;-1.0000;;
;-1.0000;1541;
;-1.0000;1542;
;-0.0790;;U
;-0.5540;;C
;-0.2180;;A
;-0.2400;1546;U
;0.6860;;G
;1.4780;;A
;0.3020;;C
;0.5120;;U
;0.8170;;G
;1.2040;;G
;1.1420;;G
;0.9910;;G
;0.2010;1555;U
;0.5150;;G
;1.9170;;A
;1.9140;;A
;1.9360;;G
;1.9450;;U
;1.8770;;C
;1.9540;;G
;1.8270;;U
;1.9500;;A
;1.9370;;A
;1.8640;;C
;1.9670;;A
;1.3150;;A
;1.8080;;G
;1.9360;;G
;1.9010;;U
;1.0980;;A
;0.3790;;A
;1.0970;;C
;1.1470;;C
;1.2410;;G
;1.8540;;U
;1.7560;1578;A
;0.5750;;G
;0.3590;;G
;0.8470;;G
;1.8540;;G
;1.8480;;A
;1.8880;;A
;0.2160;1585;C
;0.8240;;C
;1.7170;;U
;1.7430;;G
;1.0420;;C
;0.7690;;G
;0.9670;;G
;0.2630;;U
;0.9130;;U
;1.5780;;G
;1.7410;;G
;1.4230;1596;A
;0.8740;;U
;0.6010;1598;C
;1.2020;;A
;-0.5030;;C
;-0.4060;1601;C
