Lineage	Top Level Haplogroup	# Seqs	Ancestral Marker Motif	HG Markers	Other Selected Markers
L	L0	1669	247A, 750G, 769A, 825A, 1018A, 2758A, 2885C, 3594T, 4104G, 4312T, 4769G, 7028T, 7146G, 7256T, 7521A, 8468T, 8655T, 8701G, 8860G, 9540C, 10398G, 10664T, 10688A, 10810C, 10873C, 10915C, 11719A, 11914A, 12705T, 13105G, 13276G, 13506T, 13650T, 14766T, 15326G, 16187T, 16189C, 16223T, 16230G, 16311C	1048T, 3516a, 5442C, 6185C, 9042T, 9347G, 9755A, 10589A, 12007A, 12720G	(263A=)
L	L1	826	73G, 152C, 247A, 263G, 750G, 769A, 825A, 1018A, 2706G, 2758A, 2885C, 3594T, 4104G, 4769G, 7028T, 7146G, 7256T, 7521A, 8468T, 8655T, 8701G, 8860G, 9540C, 10398G, 10688A, 10810C, 10873C, 11719A, 12705T, 13105G, 13506T, 13650T, 14766T, 15326G, 16187T, 16189C, 16223T, 16278T, 16311C, 16519C	182T, 3666A, 7055G, 7389C, 13789C, 14178C, 14560A	N
L	L2	1283	73G, 146C, 152C, 195C, 263G, 750G, 769A, 1018A, 1438G, 2706G, 3594T, 4104G, 4769G, 7028T, 7256T, 7521A, 8701G, 8860G, 9540C, 10398G, 10873C, 11719A, 12705T, 13650T, 14766T, 15326G, 16223T, 16278T	2416C, 8206A, 9221G, 10115C, 11944C, 13590A, 15301A, 16390A	150C=, 16311T=
L	L3	2106	73G, 263G, 750G, 1438G, 2706G, 4769G, 7028T, 8701G, 8860G, 9540C, 10398G, 10873C, 11719A, 12705T, 14766T, 15326G, 16223T	15301A	3594C=, 769G=, 1018G=, 16311T=
L	L4	109	73G, 263G, 750G, 769A, 1018A, 1438G, 2706G, 4769G, 7028T, 8701G, 8860G, 9540C, 10398G, 10873C, 11719A, 12705T, 14766T, 15326G, 16223T, 16311C	3918A, 15301A, 16362C	3594C=, L4b2: 146C
L	L5	37	73G, 247A, 263G, 750G, 769A, 825A, 1018A, 1438G, 2706G, 3594T, 4104G, 4769G, 7028T, 7256T, 7521A, 8655T, 8701G, 8860G, 9540C, 10398G, 10688A, 10810C, 10873C, 11719A, 12705T, 13506T, 13650T, 14766T, 15326G, 16129A, 16223T, 16278T, 16311C	182T, 3423C, 5147A, 7972G, 12432T, 12950G, 14581C, 16148T, 16166G	Length variants in the 455-459 region [459CCsor 455TTC or 455TTTC].
L	L6	12	73G, 146C, 152C, 263G, 750G, 769A, 1018A, 1438G, 2706G, 3594T, 4769G, 7028T, 7256T, 8701G, 8860G, 9540C, 10398G, 10873C, 11719A, 12705T, 13650T, 14766T, 15326G, 16223T, 16278T, 16311C, 16519C	182T, 185C, 709A, 770T, 961C, 1461G, 4964T, 5267C, 6002G, 6284G, 9332T, 10978G, 11116C, 11743T, 12771A, 13710G, 14791T, 14959G, 15244G, 15289C, 15301A, 15499T, 16048A, 16224C	N
M	C	1774	73G, 263G, 750G, 1438G, 2706G, 4769G, 7028T, 8701G, 8860G, 9540C, 10398G, 10873C, 11719A, 11914A, 12705T, 14766T, 15326G, 16223T	248d, 489C, 3552A, 4715G, 7196a, 8584A, 9545G, 10400T, 13263G, 14318C, 14783C, 15043A, 15301A, 15487T, 16298C, 16327T	N
M	D	2373	73G, 263G, 750G, 1438G, 2706G, 4769G, 7028T, 8701G, 8860G, 9540C, 10398G, 10873C, 11719A, 12705T, 14766T, 15326G, 16223T	489C, 3010A, 4883T, 5178a, 8414T, 10400T, 14668T, 14783C, 15043A, 15301A, 16362C	N
M	E	462	73G, 263G, 750G, 1438G, 2706G, 4769G, 7028T, 8701G, 8860G, 9540C, 10398G, 10873C, 11719A, 12705T, 15326G, 16223T, 16519C	489C, 3027C, 3705A, 4248C, 4491A, 7598A, 10400T, 10834T, 13254C, 13626T, 14577C, 14783C, 15043A, 15301A, 16362C, 16390A	N
M	G	510	73G, 263G, 750G, 1438G, 2706G, 4769G, 7028T, 8701G, 8860G, 9540C, 10398G, 10873C, 11719A, 12705T, 14766T, 15326G, 16223T	489C, 709A, 4833G, 5108C, 10400T, 14569A, 14783C, 15043A, 15301A, 16362C	N
M	M	5290	73G, 263G, 750G, 1438G, 2706G, 4769G, 7028T, 8701G, 8860G, 9540C, 10398G, 10873C, 11719A, 12705T, 14766T, 15326G, 16223T	489C, 10400T, 14783C, 15043A, 15301A	N
M	Q	422	73G, 263G, 750G, 1438G, 2706G, 4769G, 7028T, 8701G, 8860G, 9540C, 10398G, 10873C, 11719A, 12705T, 14766T, 15326G, 16129A, 16311C	89C, 489C, 4117C, 5460A, 5843G, 8790A, 8964T, 10400T, 12940A, 13500C, 14025C, 14783C, 15043A, 15301A, 16144C, 16148T, 16241G, 16265c	N
M	Z	198	73G, 152C, 263G, 750G, 1438G, 2706G, 4769G, 7028T, 8701G, 8860G, 9540C, 10398G, 10873C, 11719A, 12705T, 14766T, 15326G, 16223T	248d, 489C, 4715G, 6752G, 7196a, 8584A, 9090C, 10400T, 14783C, 15043A, 15301A, 15487T, 15784C, 16185T, 16260T, 16298C	N
N	A	1366	73G, 263G, 750G, 1438G, 2706G, 4769G, 7028T, 8860G, 11719A, 12705T, 14766T, 15326G, 16223T	235G, 514d, 663G, 1736G, 4248C, 4824G, 8794T, 16290T, 16319A, 16362C	N
N	B	4346	73G, 263G, 750G, 1438G, 2706G, 4769G, 7028T, 8860G, 11719A, 14766T, 15326G, 16189C, 16519C	16183c, 16217C	Branches B4 and B9: 10398A=,s8271 9bp deletions [8271_8279del or 8281_8289del];
N	F	1765	73G, 263G, 750G, 1438G, 2706G, 4769G, 7028T, 8860G, 11719A, 14766T, 15326G	3970T, 6392C, 10310A, 13928C, 16304C	N
N	H	9827	263G, 750G, 1438G, 4769G, 8860G, 15326G	N	2706A=, 7028C=
N	HV	778	263G, 750G, 1438G, 2706G, 4769G, 7028T, 8860G, 15326G	(310C)	14766C=
N	I	754	73G, 263G, 750G, 1438G, 2706G, 4769G, 7028T, 8860G, 10398G, 11719A, 12705T, 14766T, 15326G, 16129A, 16223T, 16519C	199C, 204C, 250C, 1719A, 4529T, 8251A, 10034C, 10238C, 12501A, 13780G, 15043A, 15924G, 16391A	N
N	J	2492	73G, 263G, 750G, 1438G, 2706G, 4769G, 7028T, 8860G, 10398G, 11719A, 14766T, 15326G	295T, 489C, 4216C, 11251G, 12612G, 13708A, 15452a, 16069T, 16126C	N
N	K	1934	73G, 263G, 750G, 1438G, 2706G, 4769G, 7028T, 8860G, 10398G, 11719A, 14766T, 15326G, 16311C, 16519C	1189C, 1811G, 3480G, 9055A, 9698C, 10550G, 11299C, 11467G, 12308G, 12372A, 14167T, 14798C, 16224C	N
N	N	843	73G, 263G, 750G, 1438G, 2706G, 4769G, 7028T, 8860G, 11719A, 12705T, 14766T, 15326G, 16223T	N	8701A=, 9540T=, 10398A=, 10400C=, 10873T=, 15301G=
N	O	8	73G, 263G, 750G, 1438G, 2706G, 4769G, 7028T, 8860G, 11719A, 12705T, 14766T, 15326G, 16223T	6755A, 9140T, 16213A	N
N	P	411	73G, 263G, 750G, 1438G, 2706G, 4769G, 7028T, 8860G, 11719A, 14766T, 15326G	15607G	N
N	R	1129	263G, 750G, 1438G, 2706G, 4769G, 7028T, 8860G, 14766T, 15326G	N	12705C=, 16223C=
N	S	49	73G, 263G, 750G, 1438G, 2706G, 4769G, 7028T, 8860G, 11719A, 12705T, 14766T, 15326G	8404C	N
N	T	2351	73G, 263G, 750G, 1438G, 2706G, 4769G, 7028T, 8860G, 11719A, 14766T, 15326G, 16519C	709A, 1888A, 4216C, 4917G, 8697A, 10463C, 11251G, 13368A, 14905A, 15452a, 15607G, 15928A, 16126C, 16294T	10398A=
N	U	4536	73G, 263G, 750G, 1438G, 2706G, 4769G, 7028T, 8860G, 11719A, 14766T, 15326G	11467G, 12308G, 12372A	N
N	V	740	263G, 750G, 1438G, 2706G, 4769G, 7028T, 8860G, 15326G	72C, 4580A, 15904T, 16298C	N
N	W	579	73G, 195C, 263G, 750G, 1438G, 2706G, 4769G, 7028T, 8860G, 11719A, 12705T, 14766T, 15326G, 16223T, 16519C	189G, 204C, 207A, 709A, 1243C, 3505G, 5046A, 5460A, 8251A, 8994A, 11674T, 11947G, 12414C, 15884C, 16292T	N
N	X	509	73G, 195C, 263G, 750G, 1438G, 2706G, 4769G, 7028T, 8860G, 11719A, 12705T, 14766T, 15326G, 16189C, 16223T, 16278T, 16519C	153G, 1719A, 6221C, 6371T, 13966G, 14470C	N
N	Y	185	73G, 263G, 750G, 1438G, 2706G, 4769G, 7028T, 8860G, 10398G, 11719A, 12705T, 14766T, 15326G	5417A, 8392A, 14178C, 14693G, 16126C, 16231C	16223C=
